Instance,0,500,1000,1500,2000,2500,3000,3500,4000,4500,5000,5500,6000,6500,7000,7500,8000,8500,9000,9500,10000
eil101.tsp,3083,3083,1610,1184,967,810,758,700,676,668,663,654,646,646,646,646,646,645,645,645,645
eil101.tsp,3071,3071,1648,1200,985,846,776,736,696,677,670,660,654,654,651,651,649,649,645,645,643
eil101.tsp,3152,3067,1626,1211,964,811,745,721,684,675,667,660,654,654,647,644,644,644,644,644,644
eil101.tsp,3092,3092,1674,1204,996,849,752,712,689,677,664,657,657,657,653,652,649,649,649,648,647
eil101.tsp,3152,3142,1665,1244,959,830,761,717,693,672,663,661,661,658,651,651,651,648,647,647,647
eil101.tsp,3098,3086,1624,1219,902,803,747,695,674,664,658,648,647,646,646,645,644,641,641,641,641
eil101.tsp,3137,3137,1609,1196,963,813,759,721,685,675,668,659,648,648,648,647,647,647,647,644,641
eil101.tsp,3027,3027,1677,1225,1004,822,758,708,686,682,670,660,656,654,653,649,649,649,648,648,648
eil101.tsp,3148,3148,1570,1181,974,821,762,722,693,678,668,662,659,654,648,648,645,645,645,645,643
eil101.tsp,3051,3051,1665,1247,944,828,756,714,688,670,669,662,660,657,655,646,641,641,641,641,641
eil101.tsp,3001,2967,1638,1180,948,802,751,712,681,672,656,653,653,649,648,647,644,644,643,643,643
eil101.tsp,2999,2999,1675,1175,971,853,745,713,687,670,655,649,648,648,648,648,648,648,648,648,648
eil101.tsp,3209,3093,1597,1163,957,805,737,701,682,672,664,664,654,651,651,650,650,648,647,647,646
eil101.tsp,3005,3005,1635,1198,977,841,777,721,697,673,668,657,653,652,652,646,646,644,643,642,642
eil101.tsp,3112,3111,1666,1235,967,823,752,723,693,659,657,653,653,653,651,650,647,647,647,645,645
eil101.tsp,3080,3080,1633,1146,976,818,773,724,690,673,666,656,652,651,650,650,647,647,646,646,646
eil101.tsp,3110,3110,1609,1234,970,832,758,718,683,672,663,656,656,648,648,648,645,645,645,640,638
eil101.tsp,3151,3080,1628,1215,967,827,742,697,684,678,658,658,657,650,647,645,645,645,645,645,645
eil101.tsp,2942,2942,1650,1167,969,837,767,714,693,674,660,657,649,649,649,649,647,644,644,643,642
eil101.tsp,3104,3008,1680,1218,970,821,754,707,692,681,671,664,654,654,652,652,651,651,651,647,647
eil101.tsp,3006,2962,1657,1234,1018,859,777,711,679,672,665,658,651,650,650,646,646,646,646,646,645
eil101.tsp,3077,3077,1644,1249,948,833,752,698,673,668,658,656,643,643,643,643,643,643,643,643,643
eil101.tsp,3015,3015,1634,1214,942,821,745,694,683,674,665,661,658,654,652,652,652,649,647,646,646
eil101.tsp,3098,3095,1696,1196,1000,834,761,717,697,677,665,663,662,659,653,653,653,653,653,652,650
eil101.tsp,3082,3082,1645,1213,955,826,768,700,689,670,662,656,655,652,652,652,648,645,645,643,643
eil101.tsp,3115,3115,1707,1256,941,862,755,726,682,668,659,654,651,651,647,647,647,647,644,644,644
eil101.tsp,3036,3036,1643,1240,978,837,736,697,684,668,658,652,652,647,647,647,647,641,641,641,640
eil101.tsp,3127,3127,1590,1148,937,814,739,701,679,674,659,658,652,652,652,651,651,651,648,648,648
eil101.tsp,3086,3086,1669,1244,974,850,776,700,680,665,656,653,643,643,642,641,639,639,639,639,639
eil101.tsp,3173,3168,1641,1221,995,833,755,707,688,675,668,661,658,658,658,656,650,650,650,649,646
,,,,,,,,,,,,,,,,,,,,,
eil51.tsp,1425,1425,591,468,433,433,432,432,432,431,431,431,431,431,428,428,428,428,428,428,427
eil51.tsp,1485,1485,603,454,438,435,428,428,428,427,427,427,427,427,427,427,427,427,427,426,426
eil51.tsp,1365,1365,586,471,436,432,431,431,430,430,430,430,430,426,426,426,426,426,426,426,426
eil51.tsp,1462,1353,614,466,436,428,427,427,427,427,427,427,427,427,427,427,427,427,427,427,427
eil51.tsp,1475,1395,590,462,440,439,429,427,427,427,427,427,427,427,426,426,426,426,426,426,426
eil51.tsp,1381,1381,573,475,439,435,432,429,429,429,429,429,427,427,427,427,427,427,427,427,427
eil51.tsp,1414,1406,602,460,442,431,429,428,428,428,428,427,426,426,426,426,426,426,426,426,426
eil51.tsp,1483,1467,589,465,433,428,428,428,428,428,428,428,427,427,427,427,427,427,427,427,427
eil51.tsp,1418,1390,573,474,441,435,428,428,428,428,428,428,428,428,428,428,428,428,428,428,428
eil51.tsp,1418,1418,583,463,445,436,432,430,430,428,428,428,428,427,427,427,427,427,427,427,427
eil51.tsp,1483,1474,586,463,432,432,432,427,427,427,427,427,427,427,427,427,427,427,427,427,427
eil51.tsp,1282,1282,568,467,443,436,436,435,430,430,430,430,430,430,430,428,428,428,428,428,428
eil51.tsp,1485,1445,595,471,444,434,430,429,429,429,429,429,429,429,429,429,429,429,429,429,429
eil51.tsp,1407,1399,559,459,441,433,433,431,428,428,428,428,428,428,428,428,428,428,428,428,428
eil51.tsp,1411,1411,582,465,448,435,435,433,430,430,430,430,430,430,430,430,430,430,430,430,430
eil51.tsp,1471,1471,556,474,445,436,429,429,428,428,428,428,428,428,428,428,428,428,428,428,428
eil51.tsp,1446,1446,600,469,437,435,433,433,428,428,428,428,428,428,428,428,428,428,428,428,428
eil51.tsp,1408,1408,602,468,439,438,434,433,429,429,429,428,428,428,428,428,428,427,427,427,427
eil51.tsp,1524,1509,602,470,446,436,430,430,430,429,428,428,428,428,428,428,428,428,428,428,428
eil51.tsp,1471,1471,591,464,439,435,431,431,431,430,430,429,429,429,429,429,429,429,429,429,429
eil51.tsp,1479,1479,577,459,437,429,429,429,429,429,429,429,429,429,429,429,429,427,427,427,427
eil51.tsp,1432,1401,589,478,454,438,434,427,427,427,427,427,427,427,427,427,426,426,426,426,426
eil51.tsp,1403,1403,558,462,437,435,435,434,429,427,426,426,426,426,426,426,426,426,426,426,426
eil51.tsp,1374,1374,586,469,439,428,428,428,428,428,428,427,427,427,427,427,427,427,427,427,427
eil51.tsp,1408,1408,586,464,434,434,434,431,431,428,428,428,428,428,428,428,428,428,427,427,427
eil51.tsp,1427,1427,593,458,441,432,429,427,427,427,427,427,427,427,427,427,427,427,427,426,426
eil51.tsp,1414,1414,579,461,441,431,430,430,430,430,430,430,430,430,430,430,430,429,429,429,429
eil51.tsp,1445,1445,569,456,438,435,430,428,428,428,428,428,428,428,428,428,428,428,428,428,428
eil51.tsp,1436,1416,580,462,443,428,428,428,428,428,428,428,428,428,428,428,428,428,428,428,428
eil51.tsp,1369,1369,601,470,442,427,427,427,426,426,426,426,426,426,426,426,426,426,426,426,426
,,,,,,,,,,,,,,,,,,,,,
eil76.tsp,2161,2133,1055,806,639,603,584,562,560,560,559,559,558,557,556,556,552,552,552,552,552
eil76.tsp,2159,2159,1063,776,661,608,569,565,562,550,550,550,550,550,549,548,548,548,548,548,548
eil76.tsp,2295,2294,1081,789,649,605,571,566,565,552,552,550,550,550,550,550,547,547,546,546,544
eil76.tsp,2284,2251,1026,783,656,605,578,564,559,552,551,551,551,551,550,550,549,549,549,547,547
eil76.tsp,2213,2194,1043,747,649,596,571,568,561,557,547,547,547,547,547,545,545,545,545,545,545
eil76.tsp,2306,2290,1044,765,641,591,578,573,559,559,551,548,548,546,543,543,543,543,543,542,542
eil76.tsp,2247,2196,1048,773,647,598,554,551,551,551,548,546,546,546,546,546,546,546,546,546,546
eil76.tsp,2270,2259,1087,787,654,593,583,567,556,552,552,539,539,539,539,538,538,538,538,538,538
eil76.tsp,2315,2254,1067,756,641,604,574,555,555,555,555,555,554,554,551,551,551,551,551,551,551
eil76.tsp,2147,2147,1083,771,624,593,571,558,557,557,556,556,554,551,551,550,547,547,547,547,547
eil76.tsp,2231,2201,1065,762,651,586,582,566,557,551,550,550,550,550,550,550,550,550,549,549,549
eil76.tsp,2202,2202,1111,777,676,605,585,560,556,552,552,549,549,549,546,546,546,546,546,546,546
eil76.tsp,2199,2199,1027,783,664,596,573,568,564,556,556,549,549,549,549,549,549,549,549,549,549
eil76.tsp,2205,2205,1027,767,665,594,574,566,562,555,555,555,554,554,554,554,553,551,549,549,549
eil76.tsp,2187,2144,1053,772,655,601,578,567,557,557,557,557,550,550,550,545,545,545,545,545,545
eil76.tsp,2163,2163,1077,774,655,598,572,567,557,554,549,549,549,549,549,549,549,547,547,547,547
eil76.tsp,2320,2316,1068,765,661,612,579,563,560,559,552,550,549,549,547,547,547,547,544,544,544
eil76.tsp,2235,2180,1054,784,644,607,573,564,556,552,552,548,548,548,548,548,544,544,544,544,544
eil76.tsp,2259,2223,1105,797,655,606,580,563,561,556,556,551,547,547,547,547,545,545,541,541,541
eil76.tsp,2182,2182,1061,773,656,606,578,560,553,552,551,551,551,548,548,548,548,548,548,548,548
eil76.tsp,2258,2258,1064,782,658,603,569,566,558,554,554,548,548,547,547,547,547,545,545,545,544
eil76.tsp,2268,2236,1075,785,646,603,578,562,557,557,547,547,547,547,547,547,547,547,547,547,547
eil76.tsp,2297,2285,1076,772,626,588,571,557,557,556,556,553,553,549,547,546,546,546,546,541,541
eil76.tsp,2239,2239,1080,818,663,593,574,561,555,554,552,552,550,550,550,550,550,550,547,547,546
eil76.tsp,2089,2089,1069,800,631,597,560,552,552,552,548,548,547,547,547,547,547,547,546,546,546
eil76.tsp,2254,2254,1012,775,659,593,576,568,554,545,545,545,545,545,545,545,545,545,545,545,545
eil76.tsp,2241,2236,1021,763,647,599,573,561,560,558,555,555,547,546,546,545,545,545,545,545,545
eil76.tsp,2316,2250,1057,779,663,600,569,562,551,550,550,550,550,550,550,548,547,547,547,547,547
eil76.tsp,2147,2147,992,798,651,602,577,565,563,558,558,556,555,555,554,554,554,554,554,554,554
eil76.tsp,2189,2122,1039,778,654,609,571,564,555,553,547,546,546,546,546,546,545,545,545,545,545
,,,,,,,,,,,,,,,,,,,,,
kroA100.tsp,154035,150607,69195,46387,35936,29987,26473,25038,23932,23172,22920,22378,22147,21842,21572,21523,21523,21523,21523,21523,21523
kroA100.tsp,150543,150543,70704,49085,38720,31222,26927,25229,24183,22889,22232,22082,21752,21453,21453,21453,21453,21453,21404,21398,21398
kroA100.tsp,155723,155723,71638,49113,36719,30203,26452,25230,23158,23158,22166,22166,21917,21917,21874,21776,21776,21679,21679,21608,21496
kroA100.tsp,153452,153452,72719,49136,37882,29877,27371,25003,23229,23119,22615,22615,22376,21867,21867,21793,21793,21793,21793,21793,21793
kroA100.tsp,147029,146767,72324,44963,36719,29584,27112,25285,23805,22371,22161,21925,21884,21343,21343,21343,21343,21343,21343,21343,21343
kroA100.tsp,154033,152398,71272,48045,36992,28549,26337,24452,23164,22510,22092,21786,21388,21388,21388,21388,21388,21378,21378,21378,21378
kroA100.tsp,153112,151713,70882,48387,37645,30889,27254,24946,23523,23187,22404,21995,21452,21452,21452,21452,21452,21431,21379,21379,21379
kroA100.tsp,155555,155555,66281,48463,35615,31123,27078,24946,23623,23061,22624,22173,22102,21900,21873,21873,21802,21792,21792,21770,21685
kroA100.tsp,155278,151665,66831,46467,36739,29736,26660,24456,23764,22446,22304,21760,21691,21421,21388,21388,21388,21388,21388,21388,21388
kroA100.tsp,149370,149370,70991,49410,37094,30550,27137,24988,23782,22488,22045,21835,21826,21826,21698,21698,21627,21569,21534,21527,21527
kroA100.tsp,158274,152319,69936,49645,36616,30877,27426,25237,24199,22763,22628,22317,22240,22045,21977,21733,21611,21611,21611,21587,21587
kroA100.tsp,146474,146331,71598,48283,37093,29242,25902,23948,22272,21725,21625,21625,21625,21622,21561,21403,21282,21282,21282,21282,21282
kroA100.tsp,155145,148433,70549,48444,37084,30522,24670,23759,23572,22573,22413,22169,21981,21630,21346,21346,21346,21346,21346,21346,21346
kroA100.tsp,152291,152291,73242,49169,37334,28719,26238,24291,23178,22945,22639,22477,22213,22205,22142,21586,21586,21469,21469,21469,21469
kroA100.tsp,153688,151137,71171,46374,36602,30754,27906,24871,23342,23240,22479,21955,21620,21549,21549,21549,21549,21549,21549,21549,21533
kroA100.tsp,152294,152294,71614,50099,35766,30944,26598,24302,23075,22522,21978,21832,21597,21597,21597,21597,21597,21597,21593,21580,21416
kroA100.tsp,156165,156165,71096,48737,37547,30487,27567,25853,24042,23495,22815,22165,21905,21905,21759,21660,21603,21588,21588,21588,21562
kroA100.tsp,146617,145733,73366,50462,38379,31738,25196,24404,23659,22947,22555,22105,21976,21929,21837,21797,21673,21673,21673,21673,21673
kroA100.tsp,155346,150696,71825,48842,36501,28976,26722,25388,23946,23348,22575,22575,22258,22132,21854,21846,21846,21671,21671,21671,21671
kroA100.tsp,155083,148258,68765,47886,35697,30433,25369,23962,23215,22867,22196,21695,21432,21432,21432,21432,21432,21432,21432,21432,21432
kroA100.tsp,154098,152885,68189,48691,37389,30316,27042,24842,23570,22840,22087,22042,21640,21640,21594,21594,21470,21470,21470,21470,21470
kroA100.tsp,151401,150389,69007,44820,35800,30007,26413,24765,23597,23194,22704,22122,21734,21734,21498,21498,21472,21472,21472,21472,21472
kroA100.tsp,150680,150680,66024,47148,34901,31320,28223,25310,23999,23142,22970,22074,22074,22059,21905,21871,21662,21662,21652,21520,21485
kroA100.tsp,151354,151351,68120,50348,36155,29989,26381,24209,23045,22866,22291,22059,22059,21837,21727,21727,21727,21727,21727,21601,21601
kroA100.tsp,154443,154443,71594,49628,36956,30752,27304,23989,23229,23008,22612,22250,22031,21813,21813,21813,21813,21813,21813,21813,21813
kroA100.tsp,154336,154309,67643,48540,37412,29733,26342,24350,23416,22499,22235,22235,22232,21885,21859,21683,21683,21683,21683,21683,21683
kroA100.tsp,155869,155869,73555,48016,37594,30413,26066,24997,23269,22890,22427,22331,22290,22139,22019,21901,21860,21860,21860,21624,21621
kroA100.tsp,152814,152814,71364,49442,36331,29779,26257,24126,23316,22505,22293,22201,22112,22054,22033,21933,21845,21845,21740,21740,21680
kroA100.tsp,153260,153260,68227,49601,37235,30549,27707,25189,23746,22831,22043,21767,21740,21542,21542,21498,21416,21416,21416,21378,21378
kroA100.tsp,148557,148557,72095,48211,37603,31049,26572,24149,23154,22715,22296,22186,22089,21953,21953,21953,21630,21630,21586,21586,21560
,,,,,,,,,,,,,,,,,,,,,
kroC100.tsp,148827,148827,70124,48868,36311,29324,25656,23961,22898,21792,21721,21110,20812,20812,20812,20812,20812,20812,20812,20812,20812
kroC100.tsp,149404,145894,67687,44836,35317,29924,25905,23266,22856,21939,21455,21301,21252,21189,21125,21125,21125,21125,20975,20975,20975
kroC100.tsp,151697,151697,68765,49256,36058,28571,25919,23397,23110,21742,21616,21487,21262,21260,21260,21260,21071,21071,20853,20812,20812
kroC100.tsp,145796,145796,70123,48095,36657,29366,25819,23930,22803,22307,22146,21709,21543,21254,21252,21252,21252,21252,21168,21129,21073
kroC100.tsp,152775,147421,69840,48901,36012,29763,24625,23763,22721,22410,21904,21616,21483,21077,21077,21077,21073,21073,20921,20921,20921
kroC100.tsp,145509,145509,63151,48767,36405,30516,26898,24537,23284,21968,21571,21215,21215,21215,21167,21144,21051,21001,21001,21001,20897
kroC100.tsp,150922,150922,69733,47802,35909,30329,26279,24184,22706,22251,22246,22070,21930,21593,21227,21201,21191,21191,21191,21049,20929
kroC100.tsp,150544,147671,70521,48706,37758,31503,26230,24177,23344,22719,21996,21657,21621,21439,21152,21152,21152,21152,21142,21142,21099
kroC100.tsp,152486,151940,69340,46953,37096,28986,25195,23897,22574,21863,21571,21340,21231,21154,21017,20996,20996,20996,20996,20985,20937
kroC100.tsp,143624,143624,65835,48808,36498,29991,25778,24188,22791,22487,21432,21341,21229,21051,21003,21003,21003,21003,21003,21003,21003
kroC100.tsp,154867,151363,68057,49148,36130,30855,27151,24212,22842,22095,21966,21580,21518,21445,21425,21379,21379,21285,21122,21122,21122
kroC100.tsp,147669,147669,68119,46740,36910,29068,25751,23953,22799,21675,21285,21200,21088,21000,21000,21000,21000,21000,21000,21000,21000
kroC100.tsp,151471,148987,65727,47843,35098,30652,25480,24359,22394,21941,21936,21813,21746,21511,21458,21441,21398,21356,21039,21027,21027
kroC100.tsp,147722,147722,69420,44968,35726,29902,26286,24823,23545,22686,22389,22107,21913,21787,21676,21654,21523,21523,21523,21523,21350
kroC100.tsp,147253,144726,70392,48882,38234,30505,26026,24171,23343,22771,22027,21480,21480,21295,21290,21290,21290,21278,21237,21076,21028
kroC100.tsp,154353,152784,71016,43869,35438,28396,26811,23947,23086,22329,22229,21889,21375,21375,21271,21181,21181,21095,21023,21023,20967
kroC100.tsp,149939,149939,68233,45867,36257,29997,27018,24486,23742,22384,22116,21841,21743,21430,21267,21246,21196,21182,21182,21101,21101
kroC100.tsp,149484,144880,70843,48475,37090,31418,26486,24659,23335,22805,22148,21543,21543,21476,21476,21324,21269,21221,21221,21221,21180
kroC100.tsp,153321,151611,66948,44229,33823,29468,26854,23835,23298,22531,22144,21824,21655,21440,21411,21411,21059,21059,21038,20812,20812
kroC100.tsp,150708,150708,70290,47571,35136,29345,26763,24396,23427,22127,21857,21714,21714,21350,21309,21262,21199,21178,21168,21168,21144
kroC100.tsp,149352,149352,69153,48456,38613,31331,26119,24085,22344,22342,22007,21397,21314,21314,21314,21314,21314,21314,21314,21314,21314
kroC100.tsp,148009,147145,67989,49783,37267,30024,26536,24634,23478,22541,21924,21717,21696,21661,21428,21285,21194,21194,21194,21194,21073
kroC100.tsp,149816,149816,69059,46784,37356,30170,26709,24150,23287,22427,22020,21292,21249,21249,21249,21249,21249,21249,21249,21089,21089
kroC100.tsp,145310,145310,69864,48330,35869,29459,26546,24835,23121,22017,21225,21225,21225,20981,20969,20969,20969,20919,20915,20915,20915
kroC100.tsp,148658,148658,66036,49123,37257,29466,26206,24447,22687,22172,21778,21451,21122,21045,21045,21045,21045,21045,21045,21045,21045
kroC100.tsp,153857,152259,69873,48237,35360,30522,25404,23940,22972,22185,21470,21337,21289,21288,21288,21139,21035,21035,21035,20975,20975
kroC100.tsp,154181,153819,67022,46532,37143,30357,26912,23690,22367,21828,21603,21603,21290,21290,21233,21233,20769,20769,20769,20769,20769
kroC100.tsp,151851,151851,69484,48849,37228,28662,25793,22890,22609,21915,21733,21733,21610,21322,21322,21204,21204,21204,21204,21189,21187
kroC100.tsp,153483,147037,70097,49558,36289,29675,25869,24482,23392,22480,21736,21736,21736,21068,21068,21068,21068,21068,21068,21068,20811
kroC100.tsp,151383,149271,68198,48280,36781,30048,26114,24356,22166,21718,21633,21494,21387,21050,21050,21023,21006,20919,20856,20856,20856
,,,,,,,,,,,,,,,,,,,,,
kroD100.tsp,150130,150130,70052,48572,35595,29350,26088,24810,23977,23511,22478,22472,22407,22364,22236,22168,22059,22014,21976,21764,21642
kroD100.tsp,145484,145484,69369,47821,36572,29234,26533,24773,23900,22841,22733,22679,22429,22222,22074,22018,22010,21938,21938,21938,21918
kroD100.tsp,149052,148318,66354,46916,36332,28618,26122,24597,23178,22970,22515,22171,22131,22106,21833,21817,21757,21504,21504,21455,21455
kroD100.tsp,142916,138288,69305,47643,37035,29874,26292,24487,23528,22471,22355,22238,22072,21994,21309,21309,21309,21309,21309,21309,21309
kroD100.tsp,145115,145115,70622,46594,36347,30297,25952,24445,24142,23200,22791,22160,22160,21936,21936,21936,21737,21712,21712,21712,21712
kroD100.tsp,131856,131856,67249,48193,35956,29272,26094,24291,23453,23102,22854,22764,22445,22445,22173,22164,22164,22096,22096,22049,22049
kroD100.tsp,148373,148080,68416,45765,35949,28804,26900,25272,23270,22859,22417,22301,22301,22014,22000,21898,21898,21796,21781,21781,21580
kroD100.tsp,141074,141074,69799,48052,35369,30494,26181,23989,23246,22910,22624,22206,22206,22047,21439,21439,21439,21439,21382,21382,21382
kroD100.tsp,151387,149600,66681,46949,34700,30217,26552,23785,23194,22526,22326,22067,21966,21966,21884,21884,21884,21874,21858,21858,21765
kroD100.tsp,145060,136391,66683,47463,36564,28723,26254,24265,23791,23151,22424,22180,22107,21940,21940,21940,21940,21940,21877,21811,21798
kroD100.tsp,146451,146451,68390,45134,36298,29357,25172,23822,23232,22512,22407,22188,22014,22009,21759,21753,21753,21753,21710,21710,21698
kroD100.tsp,142115,142115,69130,46735,37553,29637,26594,24746,23684,23041,22932,22525,22408,22313,22179,21851,21826,21736,21641,21508,21504
kroD100.tsp,148600,142710,70087,48815,36216,29819,26936,25249,24166,22692,22692,22107,22015,21832,21832,21832,21832,21772,21652,21652,21544
kroD100.tsp,143651,143651,68913,46069,36632,29889,26335,24040,23740,23142,22422,22059,21642,21642,21642,21642,21642,21642,21483,21483,21483
kroD100.tsp,140214,139652,69342,47739,35817,30235,26343,23951,23597,23073,22640,22248,22221,21981,21981,21981,21981,21981,21880,21880,21717
kroD100.tsp,145373,144474,69969,47022,35322,27165,25651,24060,23550,23204,22923,22453,22174,22163,22163,22163,22092,22031,21782,21700,21650
kroD100.tsp,141527,141527,69686,47877,35634,29230,25674,23820,23550,23501,22891,22692,22141,22141,22116,21753,21753,21753,21698,21658,21658
kroD100.tsp,148135,148135,70137,47161,34151,29633,26436,24522,23432,22826,22192,22003,21890,21863,21744,21651,21520,21520,21520,21520,21520
kroD100.tsp,147037,145413,70322,47590,36224,30889,25727,25105,23679,23090,22777,22362,22362,21944,21890,21868,21868,21868,21868,21793,21793
kroD100.tsp,149009,149009,68962,48773,35875,29950,26427,24645,23112,22401,22243,22063,21923,21923,21775,21684,21641,21641,21641,21641,21641
kroD100.tsp,142790,142790,65714,49406,36265,29513,25967,24912,23608,23223,22905,22623,22337,22158,21878,21878,21878,21878,21841,21805,21805
kroD100.tsp,146908,142599,68362,47598,35722,30451,26637,25147,24068,23282,22903,22354,22246,22009,21968,21968,21606,21606,21575,21575,21575
kroD100.tsp,146671,145814,69524,49242,35997,30382,26652,24687,23339,22837,22016,21778,21531,21531,21531,21531,21500,21500,21500,21500,21500
kroD100.tsp,140237,140237,67893,46130,36050,29553,25461,24847,23842,22527,22333,22290,22203,21774,21628,21621,21621,21567,21567,21567,21567
kroD100.tsp,147228,147228,70520,44792,35571,29636,25521,24855,23818,23275,23027,22714,22607,22097,22042,21672,21672,21672,21672,21672,21672
kroD100.tsp,140444,140091,72352,49021,36401,28858,26300,24677,23395,22722,22640,22356,22329,22256,22130,22130,22130,22130,22082,21955,21847
kroD100.tsp,148920,148920,67968,46884,36575,30589,25983,24250,22955,22709,22430,22104,21845,21845,21845,21845,21793,21695,21695,21690,21690
kroD100.tsp,146596,146596,69473,46645,36380,28482,26785,24946,23301,22892,22605,22464,22408,22253,22219,21896,21896,21896,21896,21896,21896
kroD100.tsp,148545,148545,69018,45259,33516,28163,25486,24231,23492,23116,23008,22515,22247,22016,22016,22016,21949,21949,21949,21949,21766
kroD100.tsp,146103,140744,68631,47797,36530,30903,27086,24774,23771,23252,22807,22554,22461,22187,22042,21957,21901,21727,21727,21727,21727
,,,,,,,,,,,,,,,,,,,,,
lin105.tsp,109376,109376,51962,35991,26443,21495,19342,17311,16108,15400,15158,15158,15158,15158,15059,15029,14970,14947,14838,14838,14838
lin105.tsp,109478,105784,49520,34168,26661,21496,18073,17454,16174,15803,15288,15024,14814,14701,14575,14568,14534,14468,14468,14468,14468
lin105.tsp,103139,103139,53221,32379,26239,21569,18569,17224,16497,15858,15051,14895,14685,14685,14674,14674,14674,14633,14633,14633,14603
lin105.tsp,109384,109384,51412,36231,26527,21582,18700,17232,16230,15935,15690,15202,15131,14999,14992,14934,14745,14745,14745,14742,14728
lin105.tsp,112766,107863,53132,35972,27879,21991,19092,17198,15444,15246,15162,15162,14991,14939,14778,14718,14711,14711,14636,14634,14576
lin105.tsp,110847,110847,48082,33465,25204,20673,19172,17461,16334,15629,15507,15297,15012,14949,14889,14857,14857,14857,14833,14784,14758
lin105.tsp,111452,111452,51650,34465,26695,20789,18666,17278,16367,15841,15618,15262,15131,14913,14876,14876,14876,14702,14635,14635,14635
lin105.tsp,108631,108631,51175,34783,26734,22064,18600,17745,16622,15237,15166,14755,14688,14688,14656,14656,14656,14656,14628,14628,14536
lin105.tsp,107149,107149,48217,32125,26150,21054,18487,17073,16142,15541,15312,14963,14928,14848,14794,14747,14747,14747,14740,14740,14740
lin105.tsp,109954,109954,49937,33834,25941,19528,17290,16662,16288,15557,15276,15276,15005,15005,14986,14846,14722,14685,14534,14534,14534
lin105.tsp,109980,109980,52831,34606,25869,20799,18714,17457,16401,15872,15428,15079,15014,14753,14633,14633,14600,14600,14600,14594,14594
lin105.tsp,104242,104242,48366,33360,25931,21178,19088,16765,16242,15761,15394,14861,14789,14783,14695,14684,14676,14653,14647,14647,14647
lin105.tsp,111870,111105,50299,34618,26057,22181,19100,17597,16772,16254,15401,15373,15341,15151,15145,15145,15028,14593,14593,14593,14593
lin105.tsp,108270,104698,51302,34320,24633,20925,19043,16381,15600,15390,15105,14952,14914,14778,14542,14513,14496,14496,14456,14456,14456
lin105.tsp,111212,108295,49491,33010,26353,22037,18880,17688,16403,15885,15502,15109,14937,14841,14841,14832,14709,14698,14698,14638,14638
lin105.tsp,110374,108139,50079,33986,26584,22107,18640,16969,16073,15765,15284,15073,14864,14864,14769,14769,14741,14662,14648,14631,14631
lin105.tsp,110604,110604,52216,35749,27083,21296,18668,17331,16256,15624,15079,14585,14585,14585,14574,14497,14438,14438,14438,14438,14438
lin105.tsp,109223,109223,52262,35018,26587,22275,19541,18053,16654,15783,15133,15125,14961,14885,14863,14828,14756,14708,14571,14571,14571
lin105.tsp,104058,104058,50341,33586,26050,20964,17893,16800,16040,15936,15549,15288,14743,14651,14556,14556,14556,14556,14556,14556,14556
lin105.tsp,105044,105044,51833,33795,27297,22465,19701,17769,16477,16062,15778,15478,15338,14971,14795,14795,14795,14795,14723,14721,14721
lin105.tsp,107431,107431,51100,32612,25856,21803,19332,17825,16492,15898,15721,15060,14909,14794,14739,14739,14688,14681,14681,14681,14681
lin105.tsp,109737,108307,49110,36366,25131,20918,18444,16694,16018,15702,15206,15085,15038,14843,14710,14661,14581,14581,14564,14537,14537
lin105.tsp,109042,108395,47177,34457,25164,21525,18705,17531,16390,15821,15440,15178,14941,14941,14941,14848,14848,14729,14729,14707,14567
lin105.tsp,113731,113731,47927,34481,26240,21454,19226,16795,16030,15398,15185,14940,14861,14797,14736,14728,14693,14635,14599,14599,14599
lin105.tsp,111423,109456,49466,35016,24334,21099,18631,16562,15930,15299,15278,15161,15161,15144,14964,14940,14649,14649,14649,14611,14509
lin105.tsp,112885,112253,49033,35480,26906,21833,19763,17530,16478,15929,15394,14911,14805,14742,14552,14552,14481,14481,14442,14442,14442
lin105.tsp,104783,104783,49669,34401,26617,21789,19383,16932,16211,15558,15424,15249,14931,14889,14889,14889,14889,14863,14863,14839,14672
lin105.tsp,107985,107138,50484,35053,26793,22225,18670,16831,16079,15676,15446,15131,15131,14915,14886,14878,14878,14878,14610,14556,14556
lin105.tsp,109636,105822,48261,35105,25326,21146,18304,17153,16448,15766,15329,15310,15041,14993,14898,14728,14728,14545,14460,14460,14460
lin105.tsp,106057,102966,50351,34325,26529,21748,18791,17161,16539,15712,15238,15226,15172,15106,14743,14731,14731,14731,14723,14723,14672
,,,,,,,,,,,,,,,,,,,,,
pcb442.tsp,723632,719779,554644,498308,460583,423550,391983,376451,352100,329467,316921,297927,284139,268988,256788,244618,231184,219963,206571,197724,189235
pcb442.tsp,728394,725713,559948,498140,462909,421348,396491,378375,351127,330683,316980,299697,283520,262712,250155,238317,232088,217790,209277,201325,192788
pcb442.tsp,735669,735669,546288,500299,453777,422611,400639,376100,352082,333393,318825,299417,284338,271711,253446,243310,230500,218359,206021,196106,189703
pcb442.tsp,733276,733276,565627,508309,462909,418254,396403,374628,347734,326517,305847,295791,278219,263400,251993,242836,231696,221144,208289,197224,185204
pcb442.tsp,733174,733174,559580,496250,461434,414659,396189,374314,348653,328807,314590,295817,282162,267819,247931,234119,226863,216342,207848,200039,185761
pcb442.tsp,739608,736905,551962,495820,467292,430906,397531,374968,352077,329177,313146,297989,279134,265825,254237,240131,229555,220791,208767,198926,187434
pcb442.tsp,738337,738337,564590,494454,455164,424759,398955,372337,348504,327056,312461,298712,286136,273438,262046,243546,233581,223558,211650,201560,193237
pcb442.tsp,739553,739553,550362,489267,456422,426674,396615,374691,355019,333995,315516,300640,282932,263450,248995,238678,228002,216883,207358,197012,192303
pcb442.tsp,741852,741852,557178,495408,455092,419882,397544,374406,346946,331504,313850,298437,283101,270333,253841,241618,228636,217000,204311,192452,187680
pcb442.tsp,740757,740757,556173,499185,458430,427063,396413,369443,351595,327697,312108,297065,280902,270478,255304,243111,231742,222393,208164,200569,192686
pcb442.tsp,738593,733519,554259,494642,461398,432709,403991,373244,354476,330347,310213,299827,284082,268407,252151,239701,233554,221250,210277,200188,191768
pcb442.tsp,738951,738817,565088,502528,464107,426344,396211,375656,351702,335297,318841,302240,283126,271646,256880,246770,233608,223979,212927,203690,192722
pcb442.tsp,739721,739721,558488,492861,448342,423271,389900,374129,347625,328759,314886,297924,283711,267348,251492,241620,232875,219486,206740,198933,185927
pcb442.tsp,744070,741995,557683,499918,456119,426893,398105,374223,345659,323280,306060,291377,276213,261922,239065,232322,221003,214508,202541,194376,187298
pcb442.tsp,730957,727077,544391,482742,451317,415366,393464,367282,351469,327612,311655,293239,275940,261738,250131,232021,223166,213361,200790,191701,184471
pcb442.tsp,727294,723504,556471,492663,455286,427316,392346,366290,346251,333002,316167,300202,282857,270388,258761,245243,234348,223360,210737,201537,189726
pcb442.tsp,730018,730018,557010,494571,459646,431776,397492,374589,351690,335456,319357,296764,287196,267291,257767,244134,235719,224756,214082,202916,192098
pcb442.tsp,735040,735040,554040,501235,455160,416531,382716,370260,348455,330644,314456,296301,279396,263273,250490,240626,229836,219477,206956,198741,188683
pcb442.tsp,730122,730122,551651,498515,458858,420448,394968,373205,353918,333350,312302,288778,276231,260174,246304,236026,225200,219363,211032,202227,189575
pcb442.tsp,739708,739708,552485,503697,461115,418830,399726,374810,354689,331270,313466,297303,283521,270810,259299,243766,232309,222161,209513,200317,189353
pcb442.tsp,746730,746730,563059,503237,451885,425267,392252,370649,350218,329071,311702,297459,279694,261891,253993,241529,224122,216019,207802,198024,190551
pcb442.tsp,734300,734300,550894,497776,457805,425613,397546,369936,345742,324572,310998,290786,278109,268207,257640,246562,236200,224863,213152,200602,192229
pcb442.tsp,743041,743041,554086,491774,456996,426884,401507,375696,356640,335190,317383,298586,283859,269888,256789,243986,231956,220162,209121,200914,194790
pcb442.tsp,732849,732849,557913,506908,456185,426770,391363,373768,353860,328243,313735,303625,287255,269445,254093,244086,232587,217706,208665,199592,191243
pcb442.tsp,735978,735978,554140,498352,456975,421687,401120,367986,348867,330330,312504,294353,279207,259883,247967,241135,230800,217255,209528,199971,189689
pcb442.tsp,747346,747346,564889,504562,465262,429204,399405,378644,357292,334301,314009,301641,285858,271388,259850,247514,235859,222752,211008,199278,191064
pcb442.tsp,741245,741245,551627,498181,458526,421912,392916,370244,354825,333618,314863,297615,285486,271956,256307,242135,229875,220925,210073,200627,190767
pcb442.tsp,730116,729797,550537,502693,463584,429778,397617,377145,355098,339189,314325,293509,282783,269920,257961,246200,229972,217927,206630,198853,187552
pcb442.tsp,735777,735777,552105,497069,456454,425841,394683,376087,352804,330818,310192,288786,276484,263414,254191,245506,232780,220340,209122,199143,188852
pcb442.tsp,745279,744308,563277,493680,460324,428158,398188,368446,351940,330882,309729,294664,280515,269936,255133,235601,225395,215780,206508,199865,188278
,,,,,,,,,,,,,,,,,,,,,
pr2392.tsp,1.50E+07,1.50E+07,1.32E+07,1.25E+07,1.20E+07,1.16E+07,1.14E+07,1.11E+07,1.08E+07,1.07E+07,1.04E+07,1.03E+07,1.01E+07,9981816,9793218,9720497,9594826,9428048,9343948,9239858,9112511
pr2392.tsp,1.49E+07,1.49E+07,1.33E+07,1.25E+07,1.20E+07,1.17E+07,1.13E+07,1.11E+07,1.09E+07,1.07E+07,1.05E+07,1.03E+07,1.01E+07,9944799,9783886,9645445,9510576,9407634,9281726,9146974,9064094
pr2392.tsp,1.50E+07,1.50E+07,1.32E+07,1.26E+07,1.21E+07,1.17E+07,1.13E+07,1.11E+07,1.09E+07,1.06E+07,1.05E+07,1.02E+07,1.01E+07,9940764,9852839,9710453,9529668,9409743,9286657,9214500,9085157
pr2392.tsp,1.49E+07,1.49E+07,1.32E+07,1.25E+07,1.20E+07,1.17E+07,1.13E+07,1.11E+07,1.08E+07,1.06E+07,1.04E+07,1.03E+07,1.01E+07,9975465,9837571,9687642,9523222,9389423,9287464,9168601,9086468
pr2392.tsp,1.50E+07,1.50E+07,1.33E+07,1.26E+07,1.21E+07,1.17E+07,1.13E+07,1.11E+07,1.08E+07,1.07E+07,1.05E+07,1.03E+07,1.01E+07,9970399,9845973,9714157,9538775,9428936,9339248,9147524,9067571
pr2392.tsp,1.50E+07,1.50E+07,1.32E+07,1.24E+07,1.20E+07,1.17E+07,1.14E+07,1.11E+07,1.08E+07,1.06E+07,1.04E+07,1.02E+07,1.01E+07,9881525,9792776,9673109,9493833,9332100,9216503,9112940,9018228
pr2392.tsp,1.50E+07,1.50E+07,1.33E+07,1.25E+07,1.20E+07,1.17E+07,1.13E+07,1.11E+07,1.08E+07,1.06E+07,1.05E+07,1.03E+07,1.01E+07,9920922,9743284,9582841,9466705,9349036,9219781,9127501,9036388
pr2392.tsp,1.49E+07,1.49E+07,1.32E+07,1.25E+07,1.20E+07,1.17E+07,1.13E+07,1.11E+07,1.09E+07,1.07E+07,1.05E+07,1.03E+07,1.02E+07,9994519,9843429,9686927,9585363,9437087,9314133,9180347,9059831
pr2392.tsp,1.50E+07,1.50E+07,1.33E+07,1.25E+07,1.19E+07,1.16E+07,1.14E+07,1.10E+07,1.09E+07,1.07E+07,1.05E+07,1.03E+07,1.01E+07,9994043,9871869,9704174,9551460,9427721,9301862,9181192,9105638
pr2392.tsp,1.49E+07,1.49E+07,1.32E+07,1.25E+07,1.21E+07,1.17E+07,1.14E+07,1.11E+07,1.09E+07,1.07E+07,1.05E+07,1.03E+07,1.02E+07,9969066,9817106,9662600,9484076,9391403,9277955,9137621,9078365
pr2392.tsp,1.48E+07,1.48E+07,1.32E+07,1.24E+07,1.21E+07,1.17E+07,1.13E+07,1.10E+07,1.08E+07,1.06E+07,1.04E+07,1.02E+07,1.00E+07,9931165,9834327,9708604,9576558,9464592,9273207,9200672,9018333
pr2392.tsp,1.48E+07,1.48E+07,1.32E+07,1.25E+07,1.20E+07,1.16E+07,1.13E+07,1.11E+07,1.08E+07,1.06E+07,1.04E+07,1.03E+07,1.01E+07,9951464,9785374,9632213,9556564,9423618,9310356,9153072,9070114
pr2392.tsp,1.50E+07,1.50E+07,1.32E+07,1.24E+07,1.19E+07,1.16E+07,1.12E+07,1.10E+07,1.08E+07,1.06E+07,1.04E+07,1.03E+07,1.01E+07,9981531,9826485,9676422,9560842,9408226,9206559,9089839,8970526
pr2392.tsp,1.49E+07,1.49E+07,1.32E+07,1.25E+07,1.20E+07,1.16E+07,1.13E+07,1.11E+07,1.08E+07,1.06E+07,1.04E+07,1.02E+07,1.01E+07,9912402,9723595,9622701,9553075,9407396,9288031,9188102,9057597
pr2392.tsp,1.50E+07,1.49E+07,1.33E+07,1.24E+07,1.18E+07,1.15E+07,1.13E+07,1.11E+07,1.09E+07,1.07E+07,1.04E+07,1.03E+07,1.01E+07,9990944,9841512,9699265,9556792,9438223,9310702,9230164,9109343
pr2392.tsp,1.50E+07,1.50E+07,1.33E+07,1.25E+07,1.20E+07,1.17E+07,1.14E+07,1.11E+07,1.08E+07,1.07E+07,1.04E+07,1.03E+07,1.01E+07,9980943,9798988,9672164,9536050,9367625,9301821,9195417,9094632
pr2392.tsp,1.50E+07,1.49E+07,1.32E+07,1.25E+07,1.20E+07,1.17E+07,1.13E+07,1.11E+07,1.09E+07,1.07E+07,1.05E+07,1.03E+07,1.02E+07,9957331,9829193,9655664,9545235,9440403,9298140,9164005,9024576
pr2392.tsp,1.50E+07,1.50E+07,1.32E+07,1.25E+07,1.20E+07,1.16E+07,1.13E+07,1.11E+07,1.08E+07,1.06E+07,1.04E+07,1.03E+07,1.01E+07,1.00E+07,9866430,9701982,9538483,9450368,9304263,9190809,9085912
pr2392.tsp,1.50E+07,1.50E+07,1.33E+07,1.25E+07,1.21E+07,1.16E+07,1.13E+07,1.11E+07,1.09E+07,1.06E+07,1.04E+07,1.03E+07,1.01E+07,9935117,9782251,9651889,9551604,9431181,9287869,9167984,9061860
pr2392.tsp,1.49E+07,1.49E+07,1.33E+07,1.25E+07,1.20E+07,1.16E+07,1.13E+07,1.10E+07,1.08E+07,1.06E+07,1.04E+07,1.03E+07,1.01E+07,9963216,9825338,9711854,9572637,9414578,9325665,9235756,9119738
pr2392.tsp,1.48E+07,1.48E+07,1.33E+07,1.24E+07,1.20E+07,1.17E+07,1.13E+07,1.11E+07,1.08E+07,1.07E+07,1.04E+07,1.02E+07,1.01E+07,9892727,9794386,9702950,9532359,9410129,9251346,9069337,8978745
pr2392.tsp,1.49E+07,1.49E+07,1.32E+07,1.26E+07,1.20E+07,1.16E+07,1.14E+07,1.11E+07,1.09E+07,1.07E+07,1.04E+07,1.03E+07,1.01E+07,9995319,9853115,9690796,9560895,9446492,9309680,9193731,9104700
pr2392.tsp,1.50E+07,1.50E+07,1.31E+07,1.25E+07,1.20E+07,1.17E+07,1.14E+07,1.11E+07,1.09E+07,1.07E+07,1.05E+07,1.03E+07,1.02E+07,9950839,9825183,9707659,9552755,9473955,9345019,9240534,9081457
pr2392.tsp,1.48E+07,1.48E+07,1.32E+07,1.26E+07,1.19E+07,1.17E+07,1.13E+07,1.11E+07,1.08E+07,1.07E+07,1.05E+07,1.03E+07,1.01E+07,9979456,9857524,9662038,9524973,9438867,9307499,9193635,9120932
pr2392.tsp,1.50E+07,1.50E+07,1.32E+07,1.25E+07,1.20E+07,1.17E+07,1.14E+07,1.11E+07,1.09E+07,1.07E+07,1.05E+07,1.03E+07,1.01E+07,9978948,9789387,9610543,9545344,9386068,9250605,9170282,9055526
pr2392.tsp,1.49E+07,1.49E+07,1.32E+07,1.25E+07,1.20E+07,1.16E+07,1.13E+07,1.11E+07,1.09E+07,1.06E+07,1.05E+07,1.02E+07,1.01E+07,9993336,9817577,9667841,9555252,9432404,9320432,9221995,9100191
pr2392.tsp,1.50E+07,1.50E+07,1.32E+07,1.25E+07,1.21E+07,1.17E+07,1.13E+07,1.11E+07,1.08E+07,1.06E+07,1.05E+07,1.03E+07,1.01E+07,9981479,9818807,9671748,9558421,9446485,9312484,9193548,9093330
pr2392.tsp,1.49E+07,1.49E+07,1.32E+07,1.25E+07,1.21E+07,1.17E+07,1.14E+07,1.11E+07,1.09E+07,1.06E+07,1.04E+07,1.02E+07,1.01E+07,9956789,9829350,9690757,9541178,9405212,9324925,9210344,9096051
pr2392.tsp,1.50E+07,1.49E+07,1.32E+07,1.25E+07,1.21E+07,1.16E+07,1.13E+07,1.11E+07,1.08E+07,1.07E+07,1.04E+07,1.03E+07,1.01E+07,9919857,9826047,9724669,9613074,9450811,9334574,9248769,9112910
pr2392.tsp,1.50E+07,1.50E+07,1.32E+07,1.25E+07,1.19E+07,1.15E+07,1.12E+07,1.10E+07,1.07E+07,1.06E+07,1.04E+07,1.03E+07,1.00E+07,9844806,9710057,9579755,9432261,9380747,9261278,9205531,9127846
,,,,,,,,,,,,,,,,,,,,,
st70.tsp,3177,3177,1345,812,736,714,706,690,689,689,687,685,685,684,684,684,684,684,684,684,684
st70.tsp,3157,3157,1334,981,790,735,705,696,692,677,677,677,677,677,677,677,677,677,677,677,676
st70.tsp,3193,3193,1336,930,815,751,709,700,688,682,682,682,682,682,682,682,681,681,681,680,680
st70.tsp,3211,3211,1374,926,810,750,709,699,694,692,682,682,682,682,682,682,682,682,682,682,679
st70.tsp,3313,3306,1367,944,772,728,691,684,678,675,675,675,675,675,675,675,675,675,675,675,675
st70.tsp,3262,3223,1394,933,796,725,694,688,687,677,677,677,675,675,675,675,675,675,675,675,675
st70.tsp,3230,3230,1298,930,787,728,713,703,699,686,686,686,686,685,684,684,684,680,680,680,680
st70.tsp,3236,3236,1363,939,816,743,700,688,684,679,677,677,677,677,677,677,677,677,677,677,677
st70.tsp,3156,3156,1359,939,786,745,704,696,693,693,688,688,688,688,688,684,684,684,684,684,684
st70.tsp,3246,3246,1283,912,806,729,711,698,689,687,681,681,681,681,681,681,681,681,681,681,681
st70.tsp,3272,3272,1332,927,786,731,713,697,695,695,694,694,689,689,687,687,684,684,681,681,681
st70.tsp,3141,3141,1402,911,794,739,705,696,685,682,682,682,682,682,682,682,682,682,682,682,682
st70.tsp,3255,3138,1250,935,808,727,714,694,689,686,686,686,685,681,680,678,678,678,678,678,678
st70.tsp,3158,3137,1318,933,796,730,712,704,699,687,685,685,685,685,684,684,680,680,680,680,680
st70.tsp,3291,3291,1336,949,792,737,702,694,692,692,689,685,685,685,685,684,684,682,682,682,682
st70.tsp,2912,2912,1342,959,794,745,710,689,687,686,686,682,679,679,678,678,677,676,676,676,676
st70.tsp,3119,3119,1392,969,806,739,699,683,683,681,681,681,681,681,681,681,680,680,680,680,680
st70.tsp,3302,3302,1356,879,785,730,716,698,697,682,681,681,681,681,681,681,681,681,681,681,681
st70.tsp,3356,3356,1288,950,793,703,697,695,690,690,689,684,684,684,684,681,680,680,680,680,680
st70.tsp,3136,3136,1407,957,806,732,713,703,688,681,681,681,681,681,681,681,681,681,681,681,681
st70.tsp,3272,3207,1415,984,780,735,697,690,689,689,684,683,683,683,683,683,683,683,683,683,683
st70.tsp,3216,3216,1438,994,812,726,704,689,689,688,688,679,679,679,679,679,679,679,679,679,679
st70.tsp,3279,3279,1296,915,815,729,709,688,686,686,681,681,681,681,681,681,681,681,681,681,681
st70.tsp,3147,3096,1317,919,793,745,707,692,687,686,686,686,684,681,681,680,680,680,680,678,678
st70.tsp,3157,3157,1328,936,757,735,703,697,694,690,690,684,683,683,683,681,681,681,681,681,681
st70.tsp,3170,3157,1327,919,789,727,695,689,685,685,683,683,680,680,680,680,677,677,677,677,677
st70.tsp,3351,3333,1320,909,799,740,718,704,699,695,694,687,682,682,682,682,682,679,679,679,679
st70.tsp,3115,3115,1312,961,806,732,701,684,684,684,682,682,682,682,682,682,682,682,682,682,682
st70.tsp,3206,3206,1380,937,774,754,705,701,701,685,681,681,680,680,680,680,680,680,680,680,680
st70.tsp,3216,3216,1341,960,793,749,703,702,697,693,693,692,692,691,691,687,687,687,686,684,676
