eil101.tsp,3083.0,3083.0,1610.0,1184.0,967.0,810.0,758.0,700.0,676.0,668.0,663.0,654.0,646.0,646.0,646.0,646.0,646.0,645.0,645.0,645.0,645.0,
eil101.tsp,3071.0,3071.0,1648.0,1200.0,985.0,846.0,776.0,736.0,696.0,677.0,670.0,660.0,654.0,654.0,651.0,651.0,649.0,649.0,645.0,645.0,643.0,
eil101.tsp,3152.0,3067.0,1626.0,1211.0,964.0,811.0,745.0,721.0,684.0,675.0,667.0,660.0,654.0,654.0,647.0,644.0,644.0,644.0,644.0,644.0,644.0,
eil101.tsp,3092.0,3092.0,1674.0,1204.0,996.0,849.0,752.0,712.0,689.0,677.0,664.0,657.0,657.0,657.0,653.0,652.0,649.0,649.0,649.0,648.0,647.0,
eil101.tsp,3152.0,3142.0,1665.0,1244.0,959.0,830.0,761.0,717.0,693.0,672.0,663.0,661.0,661.0,658.0,651.0,651.0,651.0,648.0,647.0,647.0,647.0,
eil101.tsp,3098.0,3086.0,1624.0,1219.0,902.0,803.0,747.0,695.0,674.0,664.0,658.0,648.0,647.0,646.0,646.0,645.0,644.0,641.0,641.0,641.0,641.0,
eil101.tsp,3137.0,3137.0,1609.0,1196.0,963.0,813.0,759.0,721.0,685.0,675.0,668.0,659.0,648.0,648.0,648.0,647.0,647.0,647.0,647.0,644.0,641.0,
eil101.tsp,3027.0,3027.0,1677.0,1225.0,1004.0,822.0,758.0,708.0,686.0,682.0,670.0,660.0,656.0,654.0,653.0,649.0,649.0,649.0,648.0,648.0,648.0,
eil101.tsp,3148.0,3148.0,1570.0,1181.0,974.0,821.0,762.0,722.0,693.0,678.0,668.0,662.0,659.0,654.0,648.0,648.0,645.0,645.0,645.0,645.0,643.0,
eil101.tsp,3051.0,3051.0,1665.0,1247.0,944.0,828.0,756.0,714.0,688.0,670.0,669.0,662.0,660.0,657.0,655.0,646.0,641.0,641.0,641.0,641.0,641.0,
eil101.tsp,3001.0,2967.0,1638.0,1180.0,948.0,802.0,751.0,712.0,681.0,672.0,656.0,653.0,653.0,649.0,648.0,647.0,644.0,644.0,643.0,643.0,643.0,
eil101.tsp,2999.0,2999.0,1675.0,1175.0,971.0,853.0,745.0,713.0,687.0,670.0,655.0,649.0,648.0,648.0,648.0,648.0,648.0,648.0,648.0,648.0,648.0,
eil101.tsp,3209.0,3093.0,1597.0,1163.0,957.0,805.0,737.0,701.0,682.0,672.0,664.0,664.0,654.0,651.0,651.0,650.0,650.0,648.0,647.0,647.0,646.0,
eil101.tsp,3005.0,3005.0,1635.0,1198.0,977.0,841.0,777.0,721.0,697.0,673.0,668.0,657.0,653.0,652.0,652.0,646.0,646.0,644.0,643.0,642.0,642.0,
eil101.tsp,3112.0,3111.0,1666.0,1235.0,967.0,823.0,752.0,723.0,693.0,659.0,657.0,653.0,653.0,653.0,651.0,650.0,647.0,647.0,647.0,645.0,645.0,
eil101.tsp,3080.0,3080.0,1633.0,1146.0,976.0,818.0,773.0,724.0,690.0,673.0,666.0,656.0,652.0,651.0,650.0,650.0,647.0,647.0,646.0,646.0,646.0,
eil101.tsp,3110.0,3110.0,1609.0,1234.0,970.0,832.0,758.0,718.0,683.0,672.0,663.0,656.0,656.0,648.0,648.0,648.0,645.0,645.0,645.0,640.0,638.0,
eil101.tsp,3151.0,3080.0,1628.0,1215.0,967.0,827.0,742.0,697.0,684.0,678.0,658.0,658.0,657.0,650.0,647.0,645.0,645.0,645.0,645.0,645.0,645.0,
eil101.tsp,2942.0,2942.0,1650.0,1167.0,969.0,837.0,767.0,714.0,693.0,674.0,660.0,657.0,649.0,649.0,649.0,649.0,647.0,644.0,644.0,643.0,642.0,
eil101.tsp,3104.0,3008.0,1680.0,1218.0,970.0,821.0,754.0,707.0,692.0,681.0,671.0,664.0,654.0,654.0,652.0,652.0,651.0,651.0,651.0,647.0,647.0,
eil101.tsp,3006.0,2962.0,1657.0,1234.0,1018.0,859.0,777.0,711.0,679.0,672.0,665.0,658.0,651.0,650.0,650.0,646.0,646.0,646.0,646.0,646.0,645.0,
eil101.tsp,3077.0,3077.0,1644.0,1249.0,948.0,833.0,752.0,698.0,673.0,668.0,658.0,656.0,643.0,643.0,643.0,643.0,643.0,643.0,643.0,643.0,643.0,
eil101.tsp,3015.0,3015.0,1634.0,1214.0,942.0,821.0,745.0,694.0,683.0,674.0,665.0,661.0,658.0,654.0,652.0,652.0,652.0,649.0,647.0,646.0,646.0,
eil101.tsp,3098.0,3095.0,1696.0,1196.0,1000.0,834.0,761.0,717.0,697.0,677.0,665.0,663.0,662.0,659.0,653.0,653.0,653.0,653.0,653.0,652.0,650.0,
eil101.tsp,3082.0,3082.0,1645.0,1213.0,955.0,826.0,768.0,700.0,689.0,670.0,662.0,656.0,655.0,652.0,652.0,652.0,648.0,645.0,645.0,643.0,643.0,
eil101.tsp,3115.0,3115.0,1707.0,1256.0,941.0,862.0,755.0,726.0,682.0,668.0,659.0,654.0,651.0,651.0,647.0,647.0,647.0,647.0,644.0,644.0,644.0,
eil101.tsp,3036.0,3036.0,1643.0,1240.0,978.0,837.0,736.0,697.0,684.0,668.0,658.0,652.0,652.0,647.0,647.0,647.0,647.0,641.0,641.0,641.0,640.0,
eil101.tsp,3127.0,3127.0,1590.0,1148.0,937.0,814.0,739.0,701.0,679.0,674.0,659.0,658.0,652.0,652.0,652.0,651.0,651.0,651.0,648.0,648.0,648.0,
eil101.tsp,3086.0,3086.0,1669.0,1244.0,974.0,850.0,776.0,700.0,680.0,665.0,656.0,653.0,643.0,643.0,642.0,641.0,639.0,639.0,639.0,639.0,639.0,
eil101.tsp,3173.0,3168.0,1641.0,1221.0,995.0,833.0,755.0,707.0,688.0,675.0,668.0,661.0,658.0,658.0,658.0,656.0,650.0,650.0,650.0,649.0,646.0,
eil51.tsp,1425.0,1425.0,591.0,468.0,433.0,433.0,432.0,432.0,432.0,431.0,431.0,431.0,431.0,431.0,428.0,428.0,428.0,428.0,428.0,428.0,427.0,
eil51.tsp,1485.0,1485.0,603.0,454.0,438.0,435.0,428.0,428.0,428.0,427.0,427.0,427.0,427.0,427.0,427.0,427.0,427.0,427.0,427.0,426.0,426.0,
eil51.tsp,1365.0,1365.0,586.0,471.0,436.0,432.0,431.0,431.0,430.0,430.0,430.0,430.0,430.0,426.0,426.0,426.0,426.0,426.0,426.0,426.0,426.0,
eil51.tsp,1462.0,1353.0,614.0,466.0,436.0,428.0,427.0,427.0,427.0,427.0,427.0,427.0,427.0,427.0,427.0,427.0,427.0,427.0,427.0,427.0,427.0,
eil51.tsp,1475.0,1395.0,590.0,462.0,440.0,439.0,429.0,427.0,427.0,427.0,427.0,427.0,427.0,427.0,426.0,426.0,426.0,426.0,426.0,426.0,426.0,
eil51.tsp,1381.0,1381.0,573.0,475.0,439.0,435.0,432.0,429.0,429.0,429.0,429.0,429.0,427.0,427.0,427.0,427.0,427.0,427.0,427.0,427.0,427.0,
eil51.tsp,1414.0,1406.0,602.0,460.0,442.0,431.0,429.0,428.0,428.0,428.0,428.0,427.0,426.0,426.0,426.0,426.0,426.0,426.0,426.0,426.0,426.0,
eil51.tsp,1483.0,1467.0,589.0,465.0,433.0,428.0,428.0,428.0,428.0,428.0,428.0,428.0,427.0,427.0,427.0,427.0,427.0,427.0,427.0,427.0,427.0,
eil51.tsp,1418.0,1390.0,573.0,474.0,441.0,435.0,428.0,428.0,428.0,428.0,428.0,428.0,428.0,428.0,428.0,428.0,428.0,428.0,428.0,428.0,428.0,
eil51.tsp,1418.0,1418.0,583.0,463.0,445.0,436.0,432.0,430.0,430.0,428.0,428.0,428.0,428.0,427.0,427.0,427.0,427.0,427.0,427.0,427.0,427.0,
eil51.tsp,1483.0,1474.0,586.0,463.0,432.0,432.0,432.0,427.0,427.0,427.0,427.0,427.0,427.0,427.0,427.0,427.0,427.0,427.0,427.0,427.0,427.0,
eil51.tsp,1282.0,1282.0,568.0,467.0,443.0,436.0,436.0,435.0,430.0,430.0,430.0,430.0,430.0,430.0,430.0,428.0,428.0,428.0,428.0,428.0,428.0,
eil51.tsp,1485.0,1445.0,595.0,471.0,444.0,434.0,430.0,429.0,429.0,429.0,429.0,429.0,429.0,429.0,429.0,429.0,429.0,429.0,429.0,429.0,429.0,
eil51.tsp,1407.0,1399.0,559.0,459.0,441.0,433.0,433.0,431.0,428.0,428.0,428.0,428.0,428.0,428.0,428.0,428.0,428.0,428.0,428.0,428.0,428.0,
eil51.tsp,1411.0,1411.0,582.0,465.0,448.0,435.0,435.0,433.0,430.0,430.0,430.0,430.0,430.0,430.0,430.0,430.0,430.0,430.0,430.0,430.0,430.0,
eil51.tsp,1471.0,1471.0,556.0,474.0,445.0,436.0,429.0,429.0,428.0,428.0,428.0,428.0,428.0,428.0,428.0,428.0,428.0,428.0,428.0,428.0,428.0,
eil51.tsp,1446.0,1446.0,600.0,469.0,437.0,435.0,433.0,433.0,428.0,428.0,428.0,428.0,428.0,428.0,428.0,428.0,428.0,428.0,428.0,428.0,428.0,
eil51.tsp,1408.0,1408.0,602.0,468.0,439.0,438.0,434.0,433.0,429.0,429.0,429.0,428.0,428.0,428.0,428.0,428.0,428.0,427.0,427.0,427.0,427.0,
eil51.tsp,1524.0,1509.0,602.0,470.0,446.0,436.0,430.0,430.0,430.0,429.0,428.0,428.0,428.0,428.0,428.0,428.0,428.0,428.0,428.0,428.0,428.0,
eil51.tsp,1471.0,1471.0,591.0,464.0,439.0,435.0,431.0,431.0,431.0,430.0,430.0,429.0,429.0,429.0,429.0,429.0,429.0,429.0,429.0,429.0,429.0,
eil51.tsp,1479.0,1479.0,577.0,459.0,437.0,429.0,429.0,429.0,429.0,429.0,429.0,429.0,429.0,429.0,429.0,429.0,429.0,427.0,427.0,427.0,427.0,
eil51.tsp,1432.0,1401.0,589.0,478.0,454.0,438.0,434.0,427.0,427.0,427.0,427.0,427.0,427.0,427.0,427.0,427.0,426.0,426.0,426.0,426.0,426.0,
eil51.tsp,1403.0,1403.0,558.0,462.0,437.0,435.0,435.0,434.0,429.0,427.0,426.0,426.0,426.0,426.0,426.0,426.0,426.0,426.0,426.0,426.0,426.0,
eil51.tsp,1374.0,1374.0,586.0,469.0,439.0,428.0,428.0,428.0,428.0,428.0,428.0,427.0,427.0,427.0,427.0,427.0,427.0,427.0,427.0,427.0,427.0,
eil51.tsp,1408.0,1408.0,586.0,464.0,434.0,434.0,434.0,431.0,431.0,428.0,428.0,428.0,428.0,428.0,428.0,428.0,428.0,428.0,427.0,427.0,427.0,
eil51.tsp,1427.0,1427.0,593.0,458.0,441.0,432.0,429.0,427.0,427.0,427.0,427.0,427.0,427.0,427.0,427.0,427.0,427.0,427.0,427.0,426.0,426.0,
eil51.tsp,1414.0,1414.0,579.0,461.0,441.0,431.0,430.0,430.0,430.0,430.0,430.0,430.0,430.0,430.0,430.0,430.0,430.0,429.0,429.0,429.0,429.0,
eil51.tsp,1445.0,1445.0,569.0,456.0,438.0,435.0,430.0,428.0,428.0,428.0,428.0,428.0,428.0,428.0,428.0,428.0,428.0,428.0,428.0,428.0,428.0,
eil51.tsp,1436.0,1416.0,580.0,462.0,443.0,428.0,428.0,428.0,428.0,428.0,428.0,428.0,428.0,428.0,428.0,428.0,428.0,428.0,428.0,428.0,428.0,
eil51.tsp,1369.0,1369.0,601.0,470.0,442.0,427.0,427.0,427.0,426.0,426.0,426.0,426.0,426.0,426.0,426.0,426.0,426.0,426.0,426.0,426.0,426.0,
eil76.tsp,2161.0,2133.0,1055.0,806.0,639.0,603.0,584.0,562.0,560.0,560.0,559.0,559.0,558.0,557.0,556.0,556.0,552.0,552.0,552.0,552.0,552.0,
eil76.tsp,2159.0,2159.0,1063.0,776.0,661.0,608.0,569.0,565.0,562.0,550.0,550.0,550.0,550.0,550.0,549.0,548.0,548.0,548.0,548.0,548.0,548.0,
eil76.tsp,2295.0,2294.0,1081.0,789.0,649.0,605.0,571.0,566.0,565.0,552.0,552.0,550.0,550.0,550.0,550.0,550.0,547.0,547.0,546.0,546.0,544.0,
eil76.tsp,2284.0,2251.0,1026.0,783.0,656.0,605.0,578.0,564.0,559.0,552.0,551.0,551.0,551.0,551.0,550.0,550.0,549.0,549.0,549.0,547.0,547.0,
eil76.tsp,2213.0,2194.0,1043.0,747.0,649.0,596.0,571.0,568.0,561.0,557.0,547.0,547.0,547.0,547.0,547.0,545.0,545.0,545.0,545.0,545.0,545.0,
eil76.tsp,2306.0,2290.0,1044.0,765.0,641.0,591.0,578.0,573.0,559.0,559.0,551.0,548.0,548.0,546.0,543.0,543.0,543.0,543.0,543.0,542.0,542.0,
eil76.tsp,2247.0,2196.0,1048.0,773.0,647.0,598.0,554.0,551.0,551.0,551.0,548.0,546.0,546.0,546.0,546.0,546.0,546.0,546.0,546.0,546.0,546.0,
eil76.tsp,2270.0,2259.0,1087.0,787.0,654.0,593.0,583.0,567.0,556.0,552.0,552.0,539.0,539.0,539.0,539.0,538.0,538.0,538.0,538.0,538.0,538.0,
eil76.tsp,2315.0,2254.0,1067.0,756.0,641.0,604.0,574.0,555.0,555.0,555.0,555.0,555.0,554.0,554.0,551.0,551.0,551.0,551.0,551.0,551.0,551.0,
eil76.tsp,2147.0,2147.0,1083.0,771.0,624.0,593.0,571.0,558.0,557.0,557.0,556.0,556.0,554.0,551.0,551.0,550.0,547.0,547.0,547.0,547.0,547.0,
eil76.tsp,2231.0,2201.0,1065.0,762.0,651.0,586.0,582.0,566.0,557.0,551.0,550.0,550.0,550.0,550.0,550.0,550.0,550.0,550.0,549.0,549.0,549.0,
eil76.tsp,2202.0,2202.0,1111.0,777.0,676.0,605.0,585.0,560.0,556.0,552.0,552.0,549.0,549.0,549.0,546.0,546.0,546.0,546.0,546.0,546.0,546.0,
eil76.tsp,2199.0,2199.0,1027.0,783.0,664.0,596.0,573.0,568.0,564.0,556.0,556.0,549.0,549.0,549.0,549.0,549.0,549.0,549.0,549.0,549.0,549.0,
eil76.tsp,2205.0,2205.0,1027.0,767.0,665.0,594.0,574.0,566.0,562.0,555.0,555.0,555.0,554.0,554.0,554.0,554.0,553.0,551.0,549.0,549.0,549.0,
eil76.tsp,2187.0,2144.0,1053.0,772.0,655.0,601.0,578.0,567.0,557.0,557.0,557.0,557.0,550.0,550.0,550.0,545.0,545.0,545.0,545.0,545.0,545.0,
eil76.tsp,2163.0,2163.0,1077.0,774.0,655.0,598.0,572.0,567.0,557.0,554.0,549.0,549.0,549.0,549.0,549.0,549.0,549.0,547.0,547.0,547.0,547.0,
eil76.tsp,2320.0,2316.0,1068.0,765.0,661.0,612.0,579.0,563.0,560.0,559.0,552.0,550.0,549.0,549.0,547.0,547.0,547.0,547.0,544.0,544.0,544.0,
eil76.tsp,2235.0,2180.0,1054.0,784.0,644.0,607.0,573.0,564.0,556.0,552.0,552.0,548.0,548.0,548.0,548.0,548.0,544.0,544.0,544.0,544.0,544.0,
eil76.tsp,2259.0,2223.0,1105.0,797.0,655.0,606.0,580.0,563.0,561.0,556.0,556.0,551.0,547.0,547.0,547.0,547.0,545.0,545.0,541.0,541.0,541.0,
eil76.tsp,2182.0,2182.0,1061.0,773.0,656.0,606.0,578.0,560.0,553.0,552.0,551.0,551.0,551.0,548.0,548.0,548.0,548.0,548.0,548.0,548.0,548.0,
eil76.tsp,2258.0,2258.0,1064.0,782.0,658.0,603.0,569.0,566.0,558.0,554.0,554.0,548.0,548.0,547.0,547.0,547.0,547.0,545.0,545.0,545.0,544.0,
eil76.tsp,2268.0,2236.0,1075.0,785.0,646.0,603.0,578.0,562.0,557.0,557.0,547.0,547.0,547.0,547.0,547.0,547.0,547.0,547.0,547.0,547.0,547.0,
eil76.tsp,2297.0,2285.0,1076.0,772.0,626.0,588.0,571.0,557.0,557.0,556.0,556.0,553.0,553.0,549.0,547.0,546.0,546.0,546.0,546.0,541.0,541.0,
eil76.tsp,2239.0,2239.0,1080.0,818.0,663.0,593.0,574.0,561.0,555.0,554.0,552.0,552.0,550.0,550.0,550.0,550.0,550.0,550.0,547.0,547.0,546.0,
eil76.tsp,2089.0,2089.0,1069.0,800.0,631.0,597.0,560.0,552.0,552.0,552.0,548.0,548.0,547.0,547.0,547.0,547.0,547.0,547.0,546.0,546.0,546.0,
eil76.tsp,2254.0,2254.0,1012.0,775.0,659.0,593.0,576.0,568.0,554.0,545.0,545.0,545.0,545.0,545.0,545.0,545.0,545.0,545.0,545.0,545.0,545.0,
eil76.tsp,2241.0,2236.0,1021.0,763.0,647.0,599.0,573.0,561.0,560.0,558.0,555.0,555.0,547.0,546.0,546.0,545.0,545.0,545.0,545.0,545.0,545.0,
eil76.tsp,2316.0,2250.0,1057.0,779.0,663.0,600.0,569.0,562.0,551.0,550.0,550.0,550.0,550.0,550.0,550.0,548.0,547.0,547.0,547.0,547.0,547.0,
eil76.tsp,2147.0,2147.0,992.0,798.0,651.0,602.0,577.0,565.0,563.0,558.0,558.0,556.0,555.0,555.0,554.0,554.0,554.0,554.0,554.0,554.0,554.0,
eil76.tsp,2189.0,2122.0,1039.0,778.0,654.0,609.0,571.0,564.0,555.0,553.0,547.0,546.0,546.0,546.0,546.0,546.0,545.0,545.0,545.0,545.0,545.0,
kroA100.tsp,154035.0,150607.0,69195.0,46387.0,35936.0,29987.0,26473.0,25038.0,23932.0,23172.0,22920.0,22378.0,22147.0,21842.0,21572.0,21523.0,21523.0,21523.0,21523.0,21523.0,21523.0,
kroA100.tsp,150543.0,150543.0,70704.0,49085.0,38720.0,31222.0,26927.0,25229.0,24183.0,22889.0,22232.0,22082.0,21752.0,21453.0,21453.0,21453.0,21453.0,21453.0,21404.0,21398.0,21398.0,
kroA100.tsp,155723.0,155723.0,71638.0,49113.0,36719.0,30203.0,26452.0,25230.0,23158.0,23158.0,22166.0,22166.0,21917.0,21917.0,21874.0,21776.0,21776.0,21679.0,21679.0,21608.0,21496.0,
kroA100.tsp,153452.0,153452.0,72719.0,49136.0,37882.0,29877.0,27371.0,25003.0,23229.0,23119.0,22615.0,22615.0,22376.0,21867.0,21867.0,21793.0,21793.0,21793.0,21793.0,21793.0,21793.0,
kroA100.tsp,147029.0,146767.0,72324.0,44963.0,36719.0,29584.0,27112.0,25285.0,23805.0,22371.0,22161.0,21925.0,21884.0,21343.0,21343.0,21343.0,21343.0,21343.0,21343.0,21343.0,21343.0,
kroA100.tsp,154033.0,152398.0,71272.0,48045.0,36992.0,28549.0,26337.0,24452.0,23164.0,22510.0,22092.0,21786.0,21388.0,21388.0,21388.0,21388.0,21388.0,21378.0,21378.0,21378.0,21378.0,
kroA100.tsp,153112.0,151713.0,70882.0,48387.0,37645.0,30889.0,27254.0,24946.0,23523.0,23187.0,22404.0,21995.0,21452.0,21452.0,21452.0,21452.0,21452.0,21431.0,21379.0,21379.0,21379.0,
kroA100.tsp,155555.0,155555.0,66281.0,48463.0,35615.0,31123.0,27078.0,24946.0,23623.0,23061.0,22624.0,22173.0,22102.0,21900.0,21873.0,21873.0,21802.0,21792.0,21792.0,21770.0,21685.0,
kroA100.tsp,155278.0,151665.0,66831.0,46467.0,36739.0,29736.0,26660.0,24456.0,23764.0,22446.0,22304.0,21760.0,21691.0,21421.0,21388.0,21388.0,21388.0,21388.0,21388.0,21388.0,21388.0,
kroA100.tsp,149370.0,149370.0,70991.0,49410.0,37094.0,30550.0,27137.0,24988.0,23782.0,22488.0,22045.0,21835.0,21826.0,21826.0,21698.0,21698.0,21627.0,21569.0,21534.0,21527.0,21527.0,
kroA100.tsp,158274.0,152319.0,69936.0,49645.0,36616.0,30877.0,27426.0,25237.0,24199.0,22763.0,22628.0,22317.0,22240.0,22045.0,21977.0,21733.0,21611.0,21611.0,21611.0,21587.0,21587.0,
kroA100.tsp,146474.0,146331.0,71598.0,48283.0,37093.0,29242.0,25902.0,23948.0,22272.0,21725.0,21625.0,21625.0,21625.0,21622.0,21561.0,21403.0,21282.0,21282.0,21282.0,21282.0,21282.0,
kroA100.tsp,155145.0,148433.0,70549.0,48444.0,37084.0,30522.0,24670.0,23759.0,23572.0,22573.0,22413.0,22169.0,21981.0,21630.0,21346.0,21346.0,21346.0,21346.0,21346.0,21346.0,21346.0,
kroA100.tsp,152291.0,152291.0,73242.0,49169.0,37334.0,28719.0,26238.0,24291.0,23178.0,22945.0,22639.0,22477.0,22213.0,22205.0,22142.0,21586.0,21586.0,21469.0,21469.0,21469.0,21469.0,
kroA100.tsp,153688.0,151137.0,71171.0,46374.0,36602.0,30754.0,27906.0,24871.0,23342.0,23240.0,22479.0,21955.0,21620.0,21549.0,21549.0,21549.0,21549.0,21549.0,21549.0,21549.0,21533.0,
kroA100.tsp,152294.0,152294.0,71614.0,50099.0,35766.0,30944.0,26598.0,24302.0,23075.0,22522.0,21978.0,21832.0,21597.0,21597.0,21597.0,21597.0,21597.0,21597.0,21593.0,21580.0,21416.0,
kroA100.tsp,156165.0,156165.0,71096.0,48737.0,37547.0,30487.0,27567.0,25853.0,24042.0,23495.0,22815.0,22165.0,21905.0,21905.0,21759.0,21660.0,21603.0,21588.0,21588.0,21588.0,21562.0,
kroA100.tsp,146617.0,145733.0,73366.0,50462.0,38379.0,31738.0,25196.0,24404.0,23659.0,22947.0,22555.0,22105.0,21976.0,21929.0,21837.0,21797.0,21673.0,21673.0,21673.0,21673.0,21673.0,
kroA100.tsp,155346.0,150696.0,71825.0,48842.0,36501.0,28976.0,26722.0,25388.0,23946.0,23348.0,22575.0,22575.0,22258.0,22132.0,21854.0,21846.0,21846.0,21671.0,21671.0,21671.0,21671.0,
kroA100.tsp,155083.0,148258.0,68765.0,47886.0,35697.0,30433.0,25369.0,23962.0,23215.0,22867.0,22196.0,21695.0,21432.0,21432.0,21432.0,21432.0,21432.0,21432.0,21432.0,21432.0,21432.0,
kroA100.tsp,154098.0,152885.0,68189.0,48691.0,37389.0,30316.0,27042.0,24842.0,23570.0,22840.0,22087.0,22042.0,21640.0,21640.0,21594.0,21594.0,21470.0,21470.0,21470.0,21470.0,21470.0,
kroA100.tsp,151401.0,150389.0,69007.0,44820.0,35800.0,30007.0,26413.0,24765.0,23597.0,23194.0,22704.0,22122.0,21734.0,21734.0,21498.0,21498.0,21472.0,21472.0,21472.0,21472.0,21472.0,
kroA100.tsp,150680.0,150680.0,66024.0,47148.0,34901.0,31320.0,28223.0,25310.0,23999.0,23142.0,22970.0,22074.0,22074.0,22059.0,21905.0,21871.0,21662.0,21662.0,21652.0,21520.0,21485.0,
kroA100.tsp,151354.0,151351.0,68120.0,50348.0,36155.0,29989.0,26381.0,24209.0,23045.0,22866.0,22291.0,22059.0,22059.0,21837.0,21727.0,21727.0,21727.0,21727.0,21727.0,21601.0,21601.0,
kroA100.tsp,154443.0,154443.0,71594.0,49628.0,36956.0,30752.0,27304.0,23989.0,23229.0,23008.0,22612.0,22250.0,22031.0,21813.0,21813.0,21813.0,21813.0,21813.0,21813.0,21813.0,21813.0,
kroA100.tsp,154336.0,154309.0,67643.0,48540.0,37412.0,29733.0,26342.0,24350.0,23416.0,22499.0,22235.0,22235.0,22232.0,21885.0,21859.0,21683.0,21683.0,21683.0,21683.0,21683.0,21683.0,
kroA100.tsp,155869.0,155869.0,73555.0,48016.0,37594.0,30413.0,26066.0,24997.0,23269.0,22890.0,22427.0,22331.0,22290.0,22139.0,22019.0,21901.0,21860.0,21860.0,21860.0,21624.0,21621.0,
kroA100.tsp,152814.0,152814.0,71364.0,49442.0,36331.0,29779.0,26257.0,24126.0,23316.0,22505.0,22293.0,22201.0,22112.0,22054.0,22033.0,21933.0,21845.0,21845.0,21740.0,21740.0,21680.0,
kroA100.tsp,153260.0,153260.0,68227.0,49601.0,37235.0,30549.0,27707.0,25189.0,23746.0,22831.0,22043.0,21767.0,21740.0,21542.0,21542.0,21498.0,21416.0,21416.0,21416.0,21378.0,21378.0,
kroA100.tsp,148557.0,148557.0,72095.0,48211.0,37603.0,31049.0,26572.0,24149.0,23154.0,22715.0,22296.0,22186.0,22089.0,21953.0,21953.0,21953.0,21630.0,21630.0,21586.0,21586.0,21560.0,
kroC100.tsp,148827.0,148827.0,70124.0,48868.0,36311.0,29324.0,25656.0,23961.0,22898.0,21792.0,21721.0,21110.0,20812.0,20812.0,20812.0,20812.0,20812.0,20812.0,20812.0,20812.0,20812.0,
kroC100.tsp,149404.0,145894.0,67687.0,44836.0,35317.0,29924.0,25905.0,23266.0,22856.0,21939.0,21455.0,21301.0,21252.0,21189.0,21125.0,21125.0,21125.0,21125.0,20975.0,20975.0,20975.0,
kroC100.tsp,151697.0,151697.0,68765.0,49256.0,36058.0,28571.0,25919.0,23397.0,23110.0,21742.0,21616.0,21487.0,21262.0,21260.0,21260.0,21260.0,21071.0,21071.0,20853.0,20812.0,20812.0,
kroC100.tsp,145796.0,145796.0,70123.0,48095.0,36657.0,29366.0,25819.0,23930.0,22803.0,22307.0,22146.0,21709.0,21543.0,21254.0,21252.0,21252.0,21252.0,21252.0,21168.0,21129.0,21073.0,
kroC100.tsp,152775.0,147421.0,69840.0,48901.0,36012.0,29763.0,24625.0,23763.0,22721.0,22410.0,21904.0,21616.0,21483.0,21077.0,21077.0,21077.0,21073.0,21073.0,20921.0,20921.0,20921.0,
kroC100.tsp,145509.0,145509.0,63151.0,48767.0,36405.0,30516.0,26898.0,24537.0,23284.0,21968.0,21571.0,21215.0,21215.0,21215.0,21167.0,21144.0,21051.0,21001.0,21001.0,21001.0,20897.0,
kroC100.tsp,150922.0,150922.0,69733.0,47802.0,35909.0,30329.0,26279.0,24184.0,22706.0,22251.0,22246.0,22070.0,21930.0,21593.0,21227.0,21201.0,21191.0,21191.0,21191.0,21049.0,20929.0,
kroC100.tsp,150544.0,147671.0,70521.0,48706.0,37758.0,31503.0,26230.0,24177.0,23344.0,22719.0,21996.0,21657.0,21621.0,21439.0,21152.0,21152.0,21152.0,21152.0,21142.0,21142.0,21099.0,
kroC100.tsp,152486.0,151940.0,69340.0,46953.0,37096.0,28986.0,25195.0,23897.0,22574.0,21863.0,21571.0,21340.0,21231.0,21154.0,21017.0,20996.0,20996.0,20996.0,20996.0,20985.0,20937.0,
kroC100.tsp,143624.0,143624.0,65835.0,48808.0,36498.0,29991.0,25778.0,24188.0,22791.0,22487.0,21432.0,21341.0,21229.0,21051.0,21003.0,21003.0,21003.0,21003.0,21003.0,21003.0,21003.0,
kroC100.tsp,154867.0,151363.0,68057.0,49148.0,36130.0,30855.0,27151.0,24212.0,22842.0,22095.0,21966.0,21580.0,21518.0,21445.0,21425.0,21379.0,21379.0,21285.0,21122.0,21122.0,21122.0,
kroC100.tsp,147669.0,147669.0,68119.0,46740.0,36910.0,29068.0,25751.0,23953.0,22799.0,21675.0,21285.0,21200.0,21088.0,21000.0,21000.0,21000.0,21000.0,21000.0,21000.0,21000.0,21000.0,
kroC100.tsp,151471.0,148987.0,65727.0,47843.0,35098.0,30652.0,25480.0,24359.0,22394.0,21941.0,21936.0,21813.0,21746.0,21511.0,21458.0,21441.0,21398.0,21356.0,21039.0,21027.0,21027.0,
kroC100.tsp,147722.0,147722.0,69420.0,44968.0,35726.0,29902.0,26286.0,24823.0,23545.0,22686.0,22389.0,22107.0,21913.0,21787.0,21676.0,21654.0,21523.0,21523.0,21523.0,21523.0,21350.0,
kroC100.tsp,147253.0,144726.0,70392.0,48882.0,38234.0,30505.0,26026.0,24171.0,23343.0,22771.0,22027.0,21480.0,21480.0,21295.0,21290.0,21290.0,21290.0,21278.0,21237.0,21076.0,21028.0,
kroC100.tsp,154353.0,152784.0,71016.0,43869.0,35438.0,28396.0,26811.0,23947.0,23086.0,22329.0,22229.0,21889.0,21375.0,21375.0,21271.0,21181.0,21181.0,21095.0,21023.0,21023.0,20967.0,
kroC100.tsp,149939.0,149939.0,68233.0,45867.0,36257.0,29997.0,27018.0,24486.0,23742.0,22384.0,22116.0,21841.0,21743.0,21430.0,21267.0,21246.0,21196.0,21182.0,21182.0,21101.0,21101.0,
kroC100.tsp,149484.0,144880.0,70843.0,48475.0,37090.0,31418.0,26486.0,24659.0,23335.0,22805.0,22148.0,21543.0,21543.0,21476.0,21476.0,21324.0,21269.0,21221.0,21221.0,21221.0,21180.0,
kroC100.tsp,153321.0,151611.0,66948.0,44229.0,33823.0,29468.0,26854.0,23835.0,23298.0,22531.0,22144.0,21824.0,21655.0,21440.0,21411.0,21411.0,21059.0,21059.0,21038.0,20812.0,20812.0,
kroC100.tsp,150708.0,150708.0,70290.0,47571.0,35136.0,29345.0,26763.0,24396.0,23427.0,22127.0,21857.0,21714.0,21714.0,21350.0,21309.0,21262.0,21199.0,21178.0,21168.0,21168.0,21144.0,
kroC100.tsp,149352.0,149352.0,69153.0,48456.0,38613.0,31331.0,26119.0,24085.0,22344.0,22342.0,22007.0,21397.0,21314.0,21314.0,21314.0,21314.0,21314.0,21314.0,21314.0,21314.0,21314.0,
kroC100.tsp,148009.0,147145.0,67989.0,49783.0,37267.0,30024.0,26536.0,24634.0,23478.0,22541.0,21924.0,21717.0,21696.0,21661.0,21428.0,21285.0,21194.0,21194.0,21194.0,21194.0,21073.0,
kroC100.tsp,149816.0,149816.0,69059.0,46784.0,37356.0,30170.0,26709.0,24150.0,23287.0,22427.0,22020.0,21292.0,21249.0,21249.0,21249.0,21249.0,21249.0,21249.0,21249.0,21089.0,21089.0,
kroC100.tsp,145310.0,145310.0,69864.0,48330.0,35869.0,29459.0,26546.0,24835.0,23121.0,22017.0,21225.0,21225.0,21225.0,20981.0,20969.0,20969.0,20969.0,20919.0,20915.0,20915.0,20915.0,
kroC100.tsp,148658.0,148658.0,66036.0,49123.0,37257.0,29466.0,26206.0,24447.0,22687.0,22172.0,21778.0,21451.0,21122.0,21045.0,21045.0,21045.0,21045.0,21045.0,21045.0,21045.0,21045.0,
kroC100.tsp,153857.0,152259.0,69873.0,48237.0,35360.0,30522.0,25404.0,23940.0,22972.0,22185.0,21470.0,21337.0,21289.0,21288.0,21288.0,21139.0,21035.0,21035.0,21035.0,20975.0,20975.0,
kroC100.tsp,154181.0,153819.0,67022.0,46532.0,37143.0,30357.0,26912.0,23690.0,22367.0,21828.0,21603.0,21603.0,21290.0,21290.0,21233.0,21233.0,20769.0,20769.0,20769.0,20769.0,20769.0,
kroC100.tsp,151851.0,151851.0,69484.0,48849.0,37228.0,28662.0,25793.0,22890.0,22609.0,21915.0,21733.0,21733.0,21610.0,21322.0,21322.0,21204.0,21204.0,21204.0,21204.0,21189.0,21187.0,
kroC100.tsp,153483.0,147037.0,70097.0,49558.0,36289.0,29675.0,25869.0,24482.0,23392.0,22480.0,21736.0,21736.0,21736.0,21068.0,21068.0,21068.0,21068.0,21068.0,21068.0,21068.0,20811.0,
kroC100.tsp,151383.0,149271.0,68198.0,48280.0,36781.0,30048.0,26114.0,24356.0,22166.0,21718.0,21633.0,21494.0,21387.0,21050.0,21050.0,21023.0,21006.0,20919.0,20856.0,20856.0,20856.0,
kroD100.tsp,150130.0,150130.0,70052.0,48572.0,35595.0,29350.0,26088.0,24810.0,23977.0,23511.0,22478.0,22472.0,22407.0,22364.0,22236.0,22168.0,22059.0,22014.0,21976.0,21764.0,21642.0,
kroD100.tsp,145484.0,145484.0,69369.0,47821.0,36572.0,29234.0,26533.0,24773.0,23900.0,22841.0,22733.0,22679.0,22429.0,22222.0,22074.0,22018.0,22010.0,21938.0,21938.0,21938.0,21918.0,
kroD100.tsp,149052.0,148318.0,66354.0,46916.0,36332.0,28618.0,26122.0,24597.0,23178.0,22970.0,22515.0,22171.0,22131.0,22106.0,21833.0,21817.0,21757.0,21504.0,21504.0,21455.0,21455.0,
kroD100.tsp,142916.0,138288.0,69305.0,47643.0,37035.0,29874.0,26292.0,24487.0,23528.0,22471.0,22355.0,22238.0,22072.0,21994.0,21309.0,21309.0,21309.0,21309.0,21309.0,21309.0,21309.0,
kroD100.tsp,145115.0,145115.0,70622.0,46594.0,36347.0,30297.0,25952.0,24445.0,24142.0,23200.0,22791.0,22160.0,22160.0,21936.0,21936.0,21936.0,21737.0,21712.0,21712.0,21712.0,21712.0,
kroD100.tsp,131856.0,131856.0,67249.0,48193.0,35956.0,29272.0,26094.0,24291.0,23453.0,23102.0,22854.0,22764.0,22445.0,22445.0,22173.0,22164.0,22164.0,22096.0,22096.0,22049.0,22049.0,
kroD100.tsp,148373.0,148080.0,68416.0,45765.0,35949.0,28804.0,26900.0,25272.0,23270.0,22859.0,22417.0,22301.0,22301.0,22014.0,22000.0,21898.0,21898.0,21796.0,21781.0,21781.0,21580.0,
kroD100.tsp,141074.0,141074.0,69799.0,48052.0,35369.0,30494.0,26181.0,23989.0,23246.0,22910.0,22624.0,22206.0,22206.0,22047.0,21439.0,21439.0,21439.0,21439.0,21382.0,21382.0,21382.0,
kroD100.tsp,151387.0,149600.0,66681.0,46949.0,34700.0,30217.0,26552.0,23785.0,23194.0,22526.0,22326.0,22067.0,21966.0,21966.0,21884.0,21884.0,21884.0,21874.0,21858.0,21858.0,21765.0,
kroD100.tsp,145060.0,136391.0,66683.0,47463.0,36564.0,28723.0,26254.0,24265.0,23791.0,23151.0,22424.0,22180.0,22107.0,21940.0,21940.0,21940.0,21940.0,21940.0,21877.0,21811.0,21798.0,
kroD100.tsp,146451.0,146451.0,68390.0,45134.0,36298.0,29357.0,25172.0,23822.0,23232.0,22512.0,22407.0,22188.0,22014.0,22009.0,21759.0,21753.0,21753.0,21753.0,21710.0,21710.0,21698.0,
kroD100.tsp,142115.0,142115.0,69130.0,46735.0,37553.0,29637.0,26594.0,24746.0,23684.0,23041.0,22932.0,22525.0,22408.0,22313.0,22179.0,21851.0,21826.0,21736.0,21641.0,21508.0,21504.0,
kroD100.tsp,148600.0,142710.0,70087.0,48815.0,36216.0,29819.0,26936.0,25249.0,24166.0,22692.0,22692.0,22107.0,22015.0,21832.0,21832.0,21832.0,21832.0,21772.0,21652.0,21652.0,21544.0,
kroD100.tsp,143651.0,143651.0,68913.0,46069.0,36632.0,29889.0,26335.0,24040.0,23740.0,23142.0,22422.0,22059.0,21642.0,21642.0,21642.0,21642.0,21642.0,21642.0,21483.0,21483.0,21483.0,
kroD100.tsp,140214.0,139652.0,69342.0,47739.0,35817.0,30235.0,26343.0,23951.0,23597.0,23073.0,22640.0,22248.0,22221.0,21981.0,21981.0,21981.0,21981.0,21981.0,21880.0,21880.0,21717.0,
kroD100.tsp,145373.0,144474.0,69969.0,47022.0,35322.0,27165.0,25651.0,24060.0,23550.0,23204.0,22923.0,22453.0,22174.0,22163.0,22163.0,22163.0,22092.0,22031.0,21782.0,21700.0,21650.0,
kroD100.tsp,141527.0,141527.0,69686.0,47877.0,35634.0,29230.0,25674.0,23820.0,23550.0,23501.0,22891.0,22692.0,22141.0,22141.0,22116.0,21753.0,21753.0,21753.0,21698.0,21658.0,21658.0,
kroD100.tsp,148135.0,148135.0,70137.0,47161.0,34151.0,29633.0,26436.0,24522.0,23432.0,22826.0,22192.0,22003.0,21890.0,21863.0,21744.0,21651.0,21520.0,21520.0,21520.0,21520.0,21520.0,
kroD100.tsp,147037.0,145413.0,70322.0,47590.0,36224.0,30889.0,25727.0,25105.0,23679.0,23090.0,22777.0,22362.0,22362.0,21944.0,21890.0,21868.0,21868.0,21868.0,21868.0,21793.0,21793.0,
kroD100.tsp,149009.0,149009.0,68962.0,48773.0,35875.0,29950.0,26427.0,24645.0,23112.0,22401.0,22243.0,22063.0,21923.0,21923.0,21775.0,21684.0,21641.0,21641.0,21641.0,21641.0,21641.0,
kroD100.tsp,142790.0,142790.0,65714.0,49406.0,36265.0,29513.0,25967.0,24912.0,23608.0,23223.0,22905.0,22623.0,22337.0,22158.0,21878.0,21878.0,21878.0,21878.0,21841.0,21805.0,21805.0,
kroD100.tsp,146908.0,142599.0,68362.0,47598.0,35722.0,30451.0,26637.0,25147.0,24068.0,23282.0,22903.0,22354.0,22246.0,22009.0,21968.0,21968.0,21606.0,21606.0,21575.0,21575.0,21575.0,
kroD100.tsp,146671.0,145814.0,69524.0,49242.0,35997.0,30382.0,26652.0,24687.0,23339.0,22837.0,22016.0,21778.0,21531.0,21531.0,21531.0,21531.0,21500.0,21500.0,21500.0,21500.0,21500.0,
kroD100.tsp,140237.0,140237.0,67893.0,46130.0,36050.0,29553.0,25461.0,24847.0,23842.0,22527.0,22333.0,22290.0,22203.0,21774.0,21628.0,21621.0,21621.0,21567.0,21567.0,21567.0,21567.0,
kroD100.tsp,147228.0,147228.0,70520.0,44792.0,35571.0,29636.0,25521.0,24855.0,23818.0,23275.0,23027.0,22714.0,22607.0,22097.0,22042.0,21672.0,21672.0,21672.0,21672.0,21672.0,21672.0,
kroD100.tsp,140444.0,140091.0,72352.0,49021.0,36401.0,28858.0,26300.0,24677.0,23395.0,22722.0,22640.0,22356.0,22329.0,22256.0,22130.0,22130.0,22130.0,22130.0,22082.0,21955.0,21847.0,
kroD100.tsp,148920.0,148920.0,67968.0,46884.0,36575.0,30589.0,25983.0,24250.0,22955.0,22709.0,22430.0,22104.0,21845.0,21845.0,21845.0,21845.0,21793.0,21695.0,21695.0,21690.0,21690.0,
kroD100.tsp,146596.0,146596.0,69473.0,46645.0,36380.0,28482.0,26785.0,24946.0,23301.0,22892.0,22605.0,22464.0,22408.0,22253.0,22219.0,21896.0,21896.0,21896.0,21896.0,21896.0,21896.0,
kroD100.tsp,148545.0,148545.0,69018.0,45259.0,33516.0,28163.0,25486.0,24231.0,23492.0,23116.0,23008.0,22515.0,22247.0,22016.0,22016.0,22016.0,21949.0,21949.0,21949.0,21949.0,21766.0,
kroD100.tsp,146103.0,140744.0,68631.0,47797.0,36530.0,30903.0,27086.0,24774.0,23771.0,23252.0,22807.0,22554.0,22461.0,22187.0,22042.0,21957.0,21901.0,21727.0,21727.0,21727.0,21727.0,
lin105.tsp,109376.0,109376.0,51962.0,35991.0,26443.0,21495.0,19342.0,17311.0,16108.0,15400.0,15158.0,15158.0,15158.0,15158.0,15059.0,15029.0,14970.0,14947.0,14838.0,14838.0,14838.0,
lin105.tsp,109478.0,105784.0,49520.0,34168.0,26661.0,21496.0,18073.0,17454.0,16174.0,15803.0,15288.0,15024.0,14814.0,14701.0,14575.0,14568.0,14534.0,14468.0,14468.0,14468.0,14468.0,
lin105.tsp,103139.0,103139.0,53221.0,32379.0,26239.0,21569.0,18569.0,17224.0,16497.0,15858.0,15051.0,14895.0,14685.0,14685.0,14674.0,14674.0,14674.0,14633.0,14633.0,14633.0,14603.0,
lin105.tsp,109384.0,109384.0,51412.0,36231.0,26527.0,21582.0,18700.0,17232.0,16230.0,15935.0,15690.0,15202.0,15131.0,14999.0,14992.0,14934.0,14745.0,14745.0,14745.0,14742.0,14728.0,
lin105.tsp,112766.0,107863.0,53132.0,35972.0,27879.0,21991.0,19092.0,17198.0,15444.0,15246.0,15162.0,15162.0,14991.0,14939.0,14778.0,14718.0,14711.0,14711.0,14636.0,14634.0,14576.0,
lin105.tsp,110847.0,110847.0,48082.0,33465.0,25204.0,20673.0,19172.0,17461.0,16334.0,15629.0,15507.0,15297.0,15012.0,14949.0,14889.0,14857.0,14857.0,14857.0,14833.0,14784.0,14758.0,
lin105.tsp,111452.0,111452.0,51650.0,34465.0,26695.0,20789.0,18666.0,17278.0,16367.0,15841.0,15618.0,15262.0,15131.0,14913.0,14876.0,14876.0,14876.0,14702.0,14635.0,14635.0,14635.0,
lin105.tsp,108631.0,108631.0,51175.0,34783.0,26734.0,22064.0,18600.0,17745.0,16622.0,15237.0,15166.0,14755.0,14688.0,14688.0,14656.0,14656.0,14656.0,14656.0,14628.0,14628.0,14536.0,
lin105.tsp,107149.0,107149.0,48217.0,32125.0,26150.0,21054.0,18487.0,17073.0,16142.0,15541.0,15312.0,14963.0,14928.0,14848.0,14794.0,14747.0,14747.0,14747.0,14740.0,14740.0,14740.0,
lin105.tsp,109954.0,109954.0,49937.0,33834.0,25941.0,19528.0,17290.0,16662.0,16288.0,15557.0,15276.0,15276.0,15005.0,15005.0,14986.0,14846.0,14722.0,14685.0,14534.0,14534.0,14534.0,
lin105.tsp,109980.0,109980.0,52831.0,34606.0,25869.0,20799.0,18714.0,17457.0,16401.0,15872.0,15428.0,15079.0,15014.0,14753.0,14633.0,14633.0,14600.0,14600.0,14600.0,14594.0,14594.0,
lin105.tsp,104242.0,104242.0,48366.0,33360.0,25931.0,21178.0,19088.0,16765.0,16242.0,15761.0,15394.0,14861.0,14789.0,14783.0,14695.0,14684.0,14676.0,14653.0,14647.0,14647.0,14647.0,
lin105.tsp,111870.0,111105.0,50299.0,34618.0,26057.0,22181.0,19100.0,17597.0,16772.0,16254.0,15401.0,15373.0,15341.0,15151.0,15145.0,15145.0,15028.0,14593.0,14593.0,14593.0,14593.0,
lin105.tsp,108270.0,104698.0,51302.0,34320.0,24633.0,20925.0,19043.0,16381.0,15600.0,15390.0,15105.0,14952.0,14914.0,14778.0,14542.0,14513.0,14496.0,14496.0,14456.0,14456.0,14456.0,
lin105.tsp,111212.0,108295.0,49491.0,33010.0,26353.0,22037.0,18880.0,17688.0,16403.0,15885.0,15502.0,15109.0,14937.0,14841.0,14841.0,14832.0,14709.0,14698.0,14698.0,14638.0,14638.0,
lin105.tsp,110374.0,108139.0,50079.0,33986.0,26584.0,22107.0,18640.0,16969.0,16073.0,15765.0,15284.0,15073.0,14864.0,14864.0,14769.0,14769.0,14741.0,14662.0,14648.0,14631.0,14631.0,
lin105.tsp,110604.0,110604.0,52216.0,35749.0,27083.0,21296.0,18668.0,17331.0,16256.0,15624.0,15079.0,14585.0,14585.0,14585.0,14574.0,14497.0,14438.0,14438.0,14438.0,14438.0,14438.0,
lin105.tsp,109223.0,109223.0,52262.0,35018.0,26587.0,22275.0,19541.0,18053.0,16654.0,15783.0,15133.0,15125.0,14961.0,14885.0,14863.0,14828.0,14756.0,14708.0,14571.0,14571.0,14571.0,
lin105.tsp,104058.0,104058.0,50341.0,33586.0,26050.0,20964.0,17893.0,16800.0,16040.0,15936.0,15549.0,15288.0,14743.0,14651.0,14556.0,14556.0,14556.0,14556.0,14556.0,14556.0,14556.0,
lin105.tsp,105044.0,105044.0,51833.0,33795.0,27297.0,22465.0,19701.0,17769.0,16477.0,16062.0,15778.0,15478.0,15338.0,14971.0,14795.0,14795.0,14795.0,14795.0,14723.0,14721.0,14721.0,
lin105.tsp,107431.0,107431.0,51100.0,32612.0,25856.0,21803.0,19332.0,17825.0,16492.0,15898.0,15721.0,15060.0,14909.0,14794.0,14739.0,14739.0,14688.0,14681.0,14681.0,14681.0,14681.0,
lin105.tsp,109737.0,108307.0,49110.0,36366.0,25131.0,20918.0,18444.0,16694.0,16018.0,15702.0,15206.0,15085.0,15038.0,14843.0,14710.0,14661.0,14581.0,14581.0,14564.0,14537.0,14537.0,
lin105.tsp,109042.0,108395.0,47177.0,34457.0,25164.0,21525.0,18705.0,17531.0,16390.0,15821.0,15440.0,15178.0,14941.0,14941.0,14941.0,14848.0,14848.0,14729.0,14729.0,14707.0,14567.0,
lin105.tsp,113731.0,113731.0,47927.0,34481.0,26240.0,21454.0,19226.0,16795.0,16030.0,15398.0,15185.0,14940.0,14861.0,14797.0,14736.0,14728.0,14693.0,14635.0,14599.0,14599.0,14599.0,
lin105.tsp,111423.0,109456.0,49466.0,35016.0,24334.0,21099.0,18631.0,16562.0,15930.0,15299.0,15278.0,15161.0,15161.0,15144.0,14964.0,14940.0,14649.0,14649.0,14649.0,14611.0,14509.0,
lin105.tsp,112885.0,112253.0,49033.0,35480.0,26906.0,21833.0,19763.0,17530.0,16478.0,15929.0,15394.0,14911.0,14805.0,14742.0,14552.0,14552.0,14481.0,14481.0,14442.0,14442.0,14442.0,
lin105.tsp,104783.0,104783.0,49669.0,34401.0,26617.0,21789.0,19383.0,16932.0,16211.0,15558.0,15424.0,15249.0,14931.0,14889.0,14889.0,14889.0,14889.0,14863.0,14863.0,14839.0,14672.0,
lin105.tsp,107985.0,107138.0,50484.0,35053.0,26793.0,22225.0,18670.0,16831.0,16079.0,15676.0,15446.0,15131.0,15131.0,14915.0,14886.0,14878.0,14878.0,14878.0,14610.0,14556.0,14556.0,
lin105.tsp,109636.0,105822.0,48261.0,35105.0,25326.0,21146.0,18304.0,17153.0,16448.0,15766.0,15329.0,15310.0,15041.0,14993.0,14898.0,14728.0,14728.0,14545.0,14460.0,14460.0,14460.0,
lin105.tsp,106057.0,102966.0,50351.0,34325.0,26529.0,21748.0,18791.0,17161.0,16539.0,15712.0,15238.0,15226.0,15172.0,15106.0,14743.0,14731.0,14731.0,14731.0,14723.0,14723.0,14672.0,
pcb442.tsp,723632.0,719779.0,554644.0,498308.0,460583.0,423550.0,391983.0,376451.0,352100.0,329467.0,316921.0,297927.0,284139.0,268988.0,256788.0,244618.0,231184.0,219963.0,206571.0,197724.0,189235.0,
pcb442.tsp,728394.0,725713.0,559948.0,498140.0,462909.0,421348.0,396491.0,378375.0,351127.0,330683.0,316980.0,299697.0,283520.0,262712.0,250155.0,238317.0,232088.0,217790.0,209277.0,201325.0,192788.0,
pcb442.tsp,735669.0,735669.0,546288.0,500299.0,453777.0,422611.0,400639.0,376100.0,352082.0,333393.0,318825.0,299417.0,284338.0,271711.0,253446.0,243310.0,230500.0,218359.0,206021.0,196106.0,189703.0,
pcb442.tsp,733276.0,733276.0,565627.0,508309.0,462909.0,418254.0,396403.0,374628.0,347734.0,326517.0,305847.0,295791.0,278219.0,263400.0,251993.0,242836.0,231696.0,221144.0,208289.0,197224.0,185204.0,
pcb442.tsp,733174.0,733174.0,559580.0,496250.0,461434.0,414659.0,396189.0,374314.0,348653.0,328807.0,314590.0,295817.0,282162.0,267819.0,247931.0,234119.0,226863.0,216342.0,207848.0,200039.0,185761.0,
pcb442.tsp,739608.0,736905.0,551962.0,495820.0,467292.0,430906.0,397531.0,374968.0,352077.0,329177.0,313146.0,297989.0,279134.0,265825.0,254237.0,240131.0,229555.0,220791.0,208767.0,198926.0,187434.0,
pcb442.tsp,738337.0,738337.0,564590.0,494454.0,455164.0,424759.0,398955.0,372337.0,348504.0,327056.0,312461.0,298712.0,286136.0,273438.0,262046.0,243546.0,233581.0,223558.0,211650.0,201560.0,193237.0,
pcb442.tsp,739553.0,739553.0,550362.0,489267.0,456422.0,426674.0,396615.0,374691.0,355019.0,333995.0,315516.0,300640.0,282932.0,263450.0,248995.0,238678.0,228002.0,216883.0,207358.0,197012.0,192303.0,
pcb442.tsp,741852.0,741852.0,557178.0,495408.0,455092.0,419882.0,397544.0,374406.0,346946.0,331504.0,313850.0,298437.0,283101.0,270333.0,253841.0,241618.0,228636.0,217000.0,204311.0,192452.0,187680.0,
pcb442.tsp,740757.0,740757.0,556173.0,499185.0,458430.0,427063.0,396413.0,369443.0,351595.0,327697.0,312108.0,297065.0,280902.0,270478.0,255304.0,243111.0,231742.0,222393.0,208164.0,200569.0,192686.0,
pcb442.tsp,738593.0,733519.0,554259.0,494642.0,461398.0,432709.0,403991.0,373244.0,354476.0,330347.0,310213.0,299827.0,284082.0,268407.0,252151.0,239701.0,233554.0,221250.0,210277.0,200188.0,191768.0,
pcb442.tsp,738951.0,738817.0,565088.0,502528.0,464107.0,426344.0,396211.0,375656.0,351702.0,335297.0,318841.0,302240.0,283126.0,271646.0,256880.0,246770.0,233608.0,223979.0,212927.0,203690.0,192722.0,
pcb442.tsp,739721.0,739721.0,558488.0,492861.0,448342.0,423271.0,389900.0,374129.0,347625.0,328759.0,314886.0,297924.0,283711.0,267348.0,251492.0,241620.0,232875.0,219486.0,206740.0,198933.0,185927.0,
pcb442.tsp,744070.0,741995.0,557683.0,499918.0,456119.0,426893.0,398105.0,374223.0,345659.0,323280.0,306060.0,291377.0,276213.0,261922.0,239065.0,232322.0,221003.0,214508.0,202541.0,194376.0,187298.0,
pcb442.tsp,730957.0,727077.0,544391.0,482742.0,451317.0,415366.0,393464.0,367282.0,351469.0,327612.0,311655.0,293239.0,275940.0,261738.0,250131.0,232021.0,223166.0,213361.0,200790.0,191701.0,184471.0,
pcb442.tsp,727294.0,723504.0,556471.0,492663.0,455286.0,427316.0,392346.0,366290.0,346251.0,333002.0,316167.0,300202.0,282857.0,270388.0,258761.0,245243.0,234348.0,223360.0,210737.0,201537.0,189726.0,
pcb442.tsp,730018.0,730018.0,557010.0,494571.0,459646.0,431776.0,397492.0,374589.0,351690.0,335456.0,319357.0,296764.0,287196.0,267291.0,257767.0,244134.0,235719.0,224756.0,214082.0,202916.0,192098.0,
pcb442.tsp,735040.0,735040.0,554040.0,501235.0,455160.0,416531.0,382716.0,370260.0,348455.0,330644.0,314456.0,296301.0,279396.0,263273.0,250490.0,240626.0,229836.0,219477.0,206956.0,198741.0,188683.0,
pcb442.tsp,730122.0,730122.0,551651.0,498515.0,458858.0,420448.0,394968.0,373205.0,353918.0,333350.0,312302.0,288778.0,276231.0,260174.0,246304.0,236026.0,225200.0,219363.0,211032.0,202227.0,189575.0,
pcb442.tsp,739708.0,739708.0,552485.0,503697.0,461115.0,418830.0,399726.0,374810.0,354689.0,331270.0,313466.0,297303.0,283521.0,270810.0,259299.0,243766.0,232309.0,222161.0,209513.0,200317.0,189353.0,
pcb442.tsp,746730.0,746730.0,563059.0,503237.0,451885.0,425267.0,392252.0,370649.0,350218.0,329071.0,311702.0,297459.0,279694.0,261891.0,253993.0,241529.0,224122.0,216019.0,207802.0,198024.0,190551.0,
pcb442.tsp,734300.0,734300.0,550894.0,497776.0,457805.0,425613.0,397546.0,369936.0,345742.0,324572.0,310998.0,290786.0,278109.0,268207.0,257640.0,246562.0,236200.0,224863.0,213152.0,200602.0,192229.0,
pcb442.tsp,743041.0,743041.0,554086.0,491774.0,456996.0,426884.0,401507.0,375696.0,356640.0,335190.0,317383.0,298586.0,283859.0,269888.0,256789.0,243986.0,231956.0,220162.0,209121.0,200914.0,194790.0,
pcb442.tsp,732849.0,732849.0,557913.0,506908.0,456185.0,426770.0,391363.0,373768.0,353860.0,328243.0,313735.0,303625.0,287255.0,269445.0,254093.0,244086.0,232587.0,217706.0,208665.0,199592.0,191243.0,
pcb442.tsp,735978.0,735978.0,554140.0,498352.0,456975.0,421687.0,401120.0,367986.0,348867.0,330330.0,312504.0,294353.0,279207.0,259883.0,247967.0,241135.0,230800.0,217255.0,209528.0,199971.0,189689.0,
pcb442.tsp,747346.0,747346.0,564889.0,504562.0,465262.0,429204.0,399405.0,378644.0,357292.0,334301.0,314009.0,301641.0,285858.0,271388.0,259850.0,247514.0,235859.0,222752.0,211008.0,199278.0,191064.0,
pcb442.tsp,741245.0,741245.0,551627.0,498181.0,458526.0,421912.0,392916.0,370244.0,354825.0,333618.0,314863.0,297615.0,285486.0,271956.0,256307.0,242135.0,229875.0,220925.0,210073.0,200627.0,190767.0,
pcb442.tsp,730116.0,729797.0,550537.0,502693.0,463584.0,429778.0,397617.0,377145.0,355098.0,339189.0,314325.0,293509.0,282783.0,269920.0,257961.0,246200.0,229972.0,217927.0,206630.0,198853.0,187552.0,
pcb442.tsp,735777.0,735777.0,552105.0,497069.0,456454.0,425841.0,394683.0,376087.0,352804.0,330818.0,310192.0,288786.0,276484.0,263414.0,254191.0,245506.0,232780.0,220340.0,209122.0,199143.0,188852.0,
pcb442.tsp,745279.0,744308.0,563277.0,493680.0,460324.0,428158.0,398188.0,368446.0,351940.0,330882.0,309729.0,294664.0,280515.0,269936.0,255133.0,235601.0,225395.0,215780.0,206508.0,199865.0,188278.0,
pr2392.tsp,1.4981823E7,1.4971109E7,1.3222269E7,1.2544056E7,1.2028586E7,1.16439E7,1.141353E7,1.1128565E7,1.0847804E7,1.0661363E7,1.0423926E7,1.0276197E7,1.0110764E7,9981816.0,9793218.0,9720497.0,9594826.0,9428048.0,9343948.0,9239858.0,9112511.0,
pr2392.tsp,1.4923651E7,1.4923651E7,1.3290576E7,1.2479118E7,1.2014182E7,1.1661608E7,1.1329186E7,1.1096719E7,1.08601E7,1.0656304E7,1.0464478E7,1.0279376E7,1.0113165E7,9944799.0,9783886.0,9645445.0,9510576.0,9407634.0,9281726.0,9146974.0,9064094.0,
pr2392.tsp,1.498045E7,1.498045E7,1.3228868E7,1.2561743E7,1.2063618E7,1.1651685E7,1.1300329E7,1.1091442E7,1.0872074E7,1.0593333E7,1.0465306E7,1.0248338E7,1.0102507E7,9940764.0,9852839.0,9710453.0,9529668.0,9409743.0,9286657.0,9214500.0,9085157.0,
pr2392.tsp,1.487661E7,1.487661E7,1.3150216E7,1.2536858E7,1.2015763E7,1.169705E7,1.1338654E7,1.1061421E7,1.0787237E7,1.0556932E7,1.0444554E7,1.0283044E7,1.0098406E7,9975465.0,9837571.0,9687642.0,9523222.0,9389423.0,9287464.0,9168601.0,9086468.0,
pr2392.tsp,1.4971007E7,1.4971007E7,1.3263868E7,1.2563959E7,1.2051513E7,1.1719413E7,1.131334E7,1.1050187E7,1.0833431E7,1.0650191E7,1.0485431E7,1.0288192E7,1.0123647E7,9970399.0,9845973.0,9714157.0,9538775.0,9428936.0,9339248.0,9147524.0,9067571.0,
pr2392.tsp,1.4986456E7,1.4960108E7,1.3231464E7,1.2386381E7,1.198295E7,1.165293E7,1.136616E7,1.1131796E7,1.0831097E7,1.0592001E7,1.0411834E7,1.0234657E7,1.0078272E7,9881525.0,9792776.0,9673109.0,9493833.0,9332100.0,9216503.0,9112940.0,9018228.0,
pr2392.tsp,1.4964709E7,1.4964709E7,1.3275988E7,1.2545555E7,1.2025141E7,1.1670802E7,1.1321931E7,1.1087551E7,1.0823067E7,1.0601517E7,1.0462053E7,1.027137E7,1.0058159E7,9920922.0,9743284.0,9582841.0,9466705.0,9349036.0,9219781.0,9127501.0,9036388.0,
pr2392.tsp,1.4931988E7,1.4931988E7,1.321101E7,1.2534644E7,1.2010275E7,1.1651509E7,1.1341973E7,1.1089862E7,1.0871427E7,1.0662816E7,1.0478824E7,1.0299365E7,1.0187455E7,9994519.0,9843429.0,9686927.0,9585363.0,9437087.0,9314133.0,9180347.0,9059831.0,
pr2392.tsp,1.4984776E7,1.4984776E7,1.3281311E7,1.247036E7,1.1948909E7,1.1567788E7,1.1364211E7,1.1039769E7,1.0872528E7,1.06681E7,1.0498289E7,1.0285832E7,1.0142118E7,9994043.0,9871869.0,9704174.0,9551460.0,9427721.0,9301862.0,9181192.0,9105638.0,
pr2392.tsp,1.4890191E7,1.4887313E7,1.3230306E7,1.2542462E7,1.2081974E7,1.1701702E7,1.1400472E7,1.1084285E7,1.0878818E7,1.0711723E7,1.0517692E7,1.0341657E7,1.0150346E7,9969066.0,9817106.0,9662600.0,9484076.0,9391403.0,9277955.0,9137621.0,9078365.0,
pr2392.tsp,1.4831344E7,1.4831344E7,1.3244966E7,1.2433513E7,1.2073957E7,1.1672842E7,1.131873E7,1.1029707E7,1.0766752E7,1.0603635E7,1.0379365E7,1.0226781E7,1.0047564E7,9931165.0,9834327.0,9708604.0,9576558.0,9464592.0,9273207.0,9200672.0,9018333.0,
pr2392.tsp,1.4815641E7,1.4815641E7,1.3225082E7,1.2480385E7,1.2000991E7,1.1619853E7,1.1316787E7,1.1097533E7,1.0843153E7,1.0632305E7,1.0397309E7,1.0282428E7,1.0109496E7,9951464.0,9785374.0,9632213.0,9556564.0,9423618.0,9310356.0,9153072.0,9070114.0,
pr2392.tsp,1.4957316E7,1.4957316E7,1.3212642E7,1.2403595E7,1.187782E7,1.1624408E7,1.1227049E7,1.0977713E7,1.0787821E7,1.0587881E7,1.0446311E7,1.0294861E7,1.0122333E7,9981531.0,9826485.0,9676422.0,9560842.0,9408226.0,9206559.0,9089839.0,8970526.0,
pr2392.tsp,1.4946544E7,1.4946544E7,1.3168508E7,1.2483762E7,1.1954746E7,1.1646965E7,1.1303391E7,1.1086566E7,1.0840677E7,1.0639517E7,1.04219E7,1.0239829E7,1.011116E7,9912402.0,9723595.0,9622701.0,9553075.0,9407396.0,9288031.0,9188102.0,9057597.0,
pr2392.tsp,1.4958498E7,1.4920264E7,1.327001E7,1.2420762E7,1.1795024E7,1.1525793E7,1.1294942E7,1.1080043E7,1.0879792E7,1.0666168E7,1.0444943E7,1.0290363E7,1.0122583E7,9990944.0,9841512.0,9699265.0,9556792.0,9438223.0,9310702.0,9230164.0,9109343.0,
pr2392.tsp,1.4965866E7,1.4965866E7,1.3292941E7,1.250553E7,1.2026252E7,1.1664905E7,1.1372834E7,1.1117945E7,1.0849089E7,1.0661936E7,1.0431963E7,1.0264346E7,1.0143889E7,9980943.0,9798988.0,9672164.0,9536050.0,9367625.0,9301821.0,9195417.0,9094632.0,
pr2392.tsp,1.4959179E7,1.4945918E7,1.3177258E7,1.2452343E7,1.1997236E7,1.1683308E7,1.1329259E7,1.1098165E7,1.0869183E7,1.0667807E7,1.0472908E7,1.0299925E7,1.0160353E7,9957331.0,9829193.0,9655664.0,9545235.0,9440403.0,9298140.0,9164005.0,9024576.0,
pr2392.tsp,1.5003006E7,1.4992915E7,1.3237062E7,1.2532548E7,1.1978352E7,1.1643787E7,1.1337262E7,1.1076449E7,1.0833618E7,1.0636863E7,1.039668E7,1.0292686E7,1.0149378E7,1.0025217E7,9866430.0,9701982.0,9538483.0,9450368.0,9304263.0,9190809.0,9085912.0,
pr2392.tsp,1.4960813E7,1.4960813E7,1.3270878E7,1.2503387E7,1.2057339E7,1.1637093E7,1.1311437E7,1.1098587E7,1.0868056E7,1.062724E7,1.0449662E7,1.0264479E7,1.0098163E7,9935117.0,9782251.0,9651889.0,9551604.0,9431181.0,9287869.0,9167984.0,9061860.0,
pr2392.tsp,1.4912967E7,1.4901058E7,1.3277579E7,1.2498775E7,1.1999653E7,1.1614706E7,1.1264584E7,1.0998876E7,1.0824487E7,1.0617589E7,1.0422574E7,1.0302121E7,1.0139919E7,9963216.0,9825338.0,9711854.0,9572637.0,9414578.0,9325665.0,9235756.0,9119738.0,
pr2392.tsp,1.4799093E7,1.4799093E7,1.325014E7,1.2420955E7,1.1987224E7,1.1667108E7,1.1343409E7,1.1141764E7,1.084659E7,1.069004E7,1.0408089E7,1.0240513E7,1.0082172E7,9892727.0,9794386.0,9702950.0,9532359.0,9410129.0,9251346.0,9069337.0,8978745.0,
pr2392.tsp,1.4874835E7,1.4874835E7,1.3243915E7,1.2559923E7,1.2002765E7,1.1643613E7,1.1404309E7,1.1114131E7,1.0888498E7,1.0693293E7,1.044995E7,1.0294037E7,1.012208E7,9995319.0,9853115.0,9690796.0,9560895.0,9446492.0,9309680.0,9193731.0,9104700.0,
pr2392.tsp,1.4980539E7,1.4979866E7,1.3135641E7,1.2491627E7,1.2043462E7,1.1685294E7,1.1411784E7,1.1139507E7,1.0894856E7,1.0690473E7,1.0524472E7,1.0343051E7,1.0155673E7,9950839.0,9825183.0,9707659.0,9552755.0,9473955.0,9345019.0,9240534.0,9081457.0,
pr2392.tsp,1.4838024E7,1.4814597E7,1.3234852E7,1.255417E7,1.1942446E7,1.1656795E7,1.1330986E7,1.1083842E7,1.0826812E7,1.0657528E7,1.0478229E7,1.0330966E7,1.0114079E7,9979456.0,9857524.0,9662038.0,9524973.0,9438867.0,9307499.0,9193635.0,9120932.0,
pr2392.tsp,1.496311E7,1.496311E7,1.3189647E7,1.2507087E7,1.2047644E7,1.1686076E7,1.1397014E7,1.1128142E7,1.0896101E7,1.0665207E7,1.0490193E7,1.0347258E7,1.014647E7,9978948.0,9789387.0,9610543.0,9545344.0,9386068.0,9250605.0,9170282.0,9055526.0,
pr2392.tsp,1.4941996E7,1.4941996E7,1.3217743E7,1.2506646E7,1.2033452E7,1.1598054E7,1.1342485E7,1.1096883E7,1.0900814E7,1.0640904E7,1.0457987E7,1.0228135E7,1.0137127E7,9993336.0,9817577.0,9667841.0,9555252.0,9432404.0,9320432.0,9221995.0,9100191.0,
pr2392.tsp,1.4983972E7,1.4976849E7,1.3201073E7,1.2500469E7,1.2077931E7,1.1712105E7,1.1327672E7,1.1092779E7,1.0834903E7,1.0608775E7,1.0457459E7,1.027761E7,1.010665E7,9981479.0,9818807.0,9671748.0,9558421.0,9446485.0,9312484.0,9193548.0,9093330.0,
pr2392.tsp,1.4879248E7,1.4879248E7,1.3187969E7,1.2498148E7,1.2099455E7,1.1681361E7,1.1373806E7,1.1106195E7,1.0854232E7,1.0600803E7,1.0416306E7,1.0200835E7,1.0066802E7,9956789.0,9829350.0,9690757.0,9541178.0,9405212.0,9324925.0,9210344.0,9096051.0,
pr2392.tsp,1.495098E7,1.4935584E7,1.3181762E7,1.2520845E7,1.2061383E7,1.1637249E7,1.1304848E7,1.1052776E7,1.0841123E7,1.0652824E7,1.0440274E7,1.0329291E7,1.0138151E7,9919857.0,9826047.0,9724669.0,9613074.0,9450811.0,9334574.0,9248769.0,9112910.0,
pr2392.tsp,1.4956837E7,1.4956837E7,1.3218886E7,1.24944E7,1.1909181E7,1.1520087E7,1.1206861E7,1.0978655E7,1.0711643E7,1.0561082E7,1.0419436E7,1.0265934E7,1.0000577E7,9844806.0,9710057.0,9579755.0,9432261.0,9380747.0,9261278.0,9205531.0,9127846.0,
st70.tsp,3177.0,3177.0,1345.0,812.0,736.0,714.0,706.0,690.0,689.0,689.0,687.0,685.0,685.0,684.0,684.0,684.0,684.0,684.0,684.0,684.0,684.0,
st70.tsp,3157.0,3157.0,1334.0,981.0,790.0,735.0,705.0,696.0,692.0,677.0,677.0,677.0,677.0,677.0,677.0,677.0,677.0,677.0,677.0,677.0,676.0,
st70.tsp,3193.0,3193.0,1336.0,930.0,815.0,751.0,709.0,700.0,688.0,682.0,682.0,682.0,682.0,682.0,682.0,682.0,681.0,681.0,681.0,680.0,680.0,
st70.tsp,3211.0,3211.0,1374.0,926.0,810.0,750.0,709.0,699.0,694.0,692.0,682.0,682.0,682.0,682.0,682.0,682.0,682.0,682.0,682.0,682.0,679.0,
st70.tsp,3313.0,3306.0,1367.0,944.0,772.0,728.0,691.0,684.0,678.0,675.0,675.0,675.0,675.0,675.0,675.0,675.0,675.0,675.0,675.0,675.0,675.0,
st70.tsp,3262.0,3223.0,1394.0,933.0,796.0,725.0,694.0,688.0,687.0,677.0,677.0,677.0,675.0,675.0,675.0,675.0,675.0,675.0,675.0,675.0,675.0,
st70.tsp,3230.0,3230.0,1298.0,930.0,787.0,728.0,713.0,703.0,699.0,686.0,686.0,686.0,686.0,685.0,684.0,684.0,684.0,680.0,680.0,680.0,680.0,
st70.tsp,3236.0,3236.0,1363.0,939.0,816.0,743.0,700.0,688.0,684.0,679.0,677.0,677.0,677.0,677.0,677.0,677.0,677.0,677.0,677.0,677.0,677.0,
st70.tsp,3156.0,3156.0,1359.0,939.0,786.0,745.0,704.0,696.0,693.0,693.0,688.0,688.0,688.0,688.0,688.0,684.0,684.0,684.0,684.0,684.0,684.0,
st70.tsp,3246.0,3246.0,1283.0,912.0,806.0,729.0,711.0,698.0,689.0,687.0,681.0,681.0,681.0,681.0,681.0,681.0,681.0,681.0,681.0,681.0,681.0,
st70.tsp,3272.0,3272.0,1332.0,927.0,786.0,731.0,713.0,697.0,695.0,695.0,694.0,694.0,689.0,689.0,687.0,687.0,684.0,684.0,681.0,681.0,681.0,
st70.tsp,3141.0,3141.0,1402.0,911.0,794.0,739.0,705.0,696.0,685.0,682.0,682.0,682.0,682.0,682.0,682.0,682.0,682.0,682.0,682.0,682.0,682.0,
st70.tsp,3255.0,3138.0,1250.0,935.0,808.0,727.0,714.0,694.0,689.0,686.0,686.0,686.0,685.0,681.0,680.0,678.0,678.0,678.0,678.0,678.0,678.0,
st70.tsp,3158.0,3137.0,1318.0,933.0,796.0,730.0,712.0,704.0,699.0,687.0,685.0,685.0,685.0,685.0,684.0,684.0,680.0,680.0,680.0,680.0,680.0,
st70.tsp,3291.0,3291.0,1336.0,949.0,792.0,737.0,702.0,694.0,692.0,692.0,689.0,685.0,685.0,685.0,685.0,684.0,684.0,682.0,682.0,682.0,682.0,
st70.tsp,2912.0,2912.0,1342.0,959.0,794.0,745.0,710.0,689.0,687.0,686.0,686.0,682.0,679.0,679.0,678.0,678.0,677.0,676.0,676.0,676.0,676.0,
st70.tsp,3119.0,3119.0,1392.0,969.0,806.0,739.0,699.0,683.0,683.0,681.0,681.0,681.0,681.0,681.0,681.0,681.0,680.0,680.0,680.0,680.0,680.0,
st70.tsp,3302.0,3302.0,1356.0,879.0,785.0,730.0,716.0,698.0,697.0,682.0,681.0,681.0,681.0,681.0,681.0,681.0,681.0,681.0,681.0,681.0,681.0,
st70.tsp,3356.0,3356.0,1288.0,950.0,793.0,703.0,697.0,695.0,690.0,690.0,689.0,684.0,684.0,684.0,684.0,681.0,680.0,680.0,680.0,680.0,680.0,
st70.tsp,3136.0,3136.0,1407.0,957.0,806.0,732.0,713.0,703.0,688.0,681.0,681.0,681.0,681.0,681.0,681.0,681.0,681.0,681.0,681.0,681.0,681.0,
st70.tsp,3272.0,3207.0,1415.0,984.0,780.0,735.0,697.0,690.0,689.0,689.0,684.0,683.0,683.0,683.0,683.0,683.0,683.0,683.0,683.0,683.0,683.0,
st70.tsp,3216.0,3216.0,1438.0,994.0,812.0,726.0,704.0,689.0,689.0,688.0,688.0,679.0,679.0,679.0,679.0,679.0,679.0,679.0,679.0,679.0,679.0,
st70.tsp,3279.0,3279.0,1296.0,915.0,815.0,729.0,709.0,688.0,686.0,686.0,681.0,681.0,681.0,681.0,681.0,681.0,681.0,681.0,681.0,681.0,681.0,
st70.tsp,3147.0,3096.0,1317.0,919.0,793.0,745.0,707.0,692.0,687.0,686.0,686.0,686.0,684.0,681.0,681.0,680.0,680.0,680.0,680.0,678.0,678.0,
st70.tsp,3157.0,3157.0,1328.0,936.0,757.0,735.0,703.0,697.0,694.0,690.0,690.0,684.0,683.0,683.0,683.0,681.0,681.0,681.0,681.0,681.0,681.0,
st70.tsp,3170.0,3157.0,1327.0,919.0,789.0,727.0,695.0,689.0,685.0,685.0,683.0,683.0,680.0,680.0,680.0,680.0,677.0,677.0,677.0,677.0,677.0,
st70.tsp,3351.0,3333.0,1320.0,909.0,799.0,740.0,718.0,704.0,699.0,695.0,694.0,687.0,682.0,682.0,682.0,682.0,682.0,679.0,679.0,679.0,679.0,
st70.tsp,3115.0,3115.0,1312.0,961.0,806.0,732.0,701.0,684.0,684.0,684.0,682.0,682.0,682.0,682.0,682.0,682.0,682.0,682.0,682.0,682.0,682.0,
st70.tsp,3206.0,3206.0,1380.0,937.0,774.0,754.0,705.0,701.0,701.0,685.0,681.0,681.0,680.0,680.0,680.0,680.0,680.0,680.0,680.0,680.0,680.0,
st70.tsp,3216.0,3216.0,1341.0,960.0,793.0,749.0,703.0,702.0,697.0,693.0,693.0,692.0,692.0,691.0,691.0,687.0,687.0,687.0,686.0,684.0,676.0,
